bg_bug_id,assigned_to_app,severity,assigned_to_team,program,phase_found_in,defect_detection_date,PIDs,root_cause_app,summary
439232,GRP-BNSE2EMobility,Severity1,EndtoEndTest,Mobility,EndtoEndTest(E2E),2/28/2018,300961,CSI,BNSE2E_R1802_300961_UnabletoseethecurrentdetailsofthedeviceforaCTNforOrderSIMflowinOPUSCOR1802FE
439208,OPUS-C,Severity3,ProductionProblemManagement,Mobility,Production,2/28/2018,288618a,CSI,RC1-Itwillnotallowmetoselectadayortimeforinstall.
439199,CSI,Severity1,Environment,Other,IntegratedSystemsTest(IST),2/28/2018,287493f,CSI,1710CSIEnvironment->ConfigChanges
439190,CSI,Severity1,TIER1,Other,Sanity/Shakeout,2/28/2018,295511c,CSI,ConfigchangesforCSiQ26candQ22
439096,CSI,Severity2,Testing,ECP-Cloverleaf,EndtoEndTest(E2E),2/28/2018,289148d,CSI,289148d-FailingTestCase289148D_1802_ETEBilling_BS_NA02_CallobWebServiceException-javax.net.ssl.SSLHandshakeException-GeneralSSLEngineproblem
439073,CSICPSVC,Severity1,Development,Mobility,EndtoEndTest(E2E),2/28/2018,293876,CSICPSVC,BNS_E2E_R1804_293876_DPCCparametervalueshouldbeONDMDDEDandMOGisreceivingONDMDED
439073,CSICPSVC,Severity1,Development,Mobility,EndtoEndTest(E2E),2/28/2018,293876,CSICPSVC,BNS_E2E_R1804_293876_DPCCparametervalueshouldbeONDMDDEDandMOGisreceivingONDMDED
439062,CSFOBPM,Severity2,Environment,N&SS,Sanity/Shakeout,2/28/2018,Regression,CSFOBPM,1804_CSTA_BPM_Q27A_addLPmaskvaluetoexistingGVtibco.clientVar.IAP_ALL_MASK_VALUES
438972,CSIAdapter,Severity1,Development,N&SS,IntegratedSystemsTest(IST),2/28/2018,Regression,CSIAdapter,1804_Q27A-CSBOBPM-ApplyUsageTreatment-NeedtoupdatetheGVvaluesforTAMbundle
438928,CSICPSVC,Severity2,Environment,Mobility,IntegratedSystemsTest(IST),2/28/2018,289266d,CSICPSVC,ConfigchangeforCommonProvisioningServices-SmartNetwork
438842,CSICPSVC,Severity2,Development,Mobility,ProductionValidationTest(PVT),2/28/2018,294546,CSICPSVC,BNS_PVT_294546_IncidentPortalshowedeligiblebutthereisanCSIexceptionforCTN4259798917
438747,CSIOrderandSubscriptionMngt,Severity2,Environment,N&SS,Sanity/Shakeout,2/28/2018,Regression,CSIAdapter,1804_N&SSSM_InquireUnifiedOrderDetails_Q27A_200Error_CCRTSDB
438484,ROME,Severity2,Testing,BusinessSolutions,Sanity/Shakeout,2/28/2018,Regression,CSI,JuneST-Regression-setBillAccountPackageisfailingfromGCPwiththefollowingerrormessage-NodatafoundforAttContractNumberinDB
438432,CSI,Severity3,Triage,Other,UnitTest,2/27/2018,Regression,CSI,TAASTestValidation-Pleaseignoreit
438256,CSIWorkForce,Severity1,EndtoEndTest,U-verse,EndtoEndTest(E2E),2/27/2018,298822b,CSIWorkForce,298822b-E2E-F47343-EdgeresponsetoLSCRMviaCSInotreceived
438248,MSGRTR,Severity2,Development,Mobility,ProductionValidationTest(PVT),2/27/2018,294546,CSICPSVC,BNS_PVT_294546-TimeOutErrorforCTN4259798917
438241,CSICPSVC,Severity3,Development,Mobility,ProductionValidationTest(PVT),2/27/2018,294546,CSICPSVC,BNS_PVT_294546_TimeoutErrorfromCSI
437805,GIOM,Severity3,Development,Other,Sanity/Shakeout,2/27/2018,Regression,CSI,2/27GIOMBVoIP?FailedSanityIssueGettingerrorfromGCP
437700,IGLOO,Severity1,Development,BusinessSolutions,UserAcceptanceTest(UAT),2/27/2018,289148d,CSI,289148d-UATEnv-ADIExpressOrder-Salesexpress-DesignSolution-ErrorUnabletoRetrieveEthernetToken
437327,GRP-BNSE2EMobility,Severity1,EndtoEndTest,Mobility,EndtoEndTest(E2E),2/26/2018,293876,CSI,BNS_E2E_R1804_293876_Getting400BadRequestforTestClient
437325,CSICustomerCare,Severity2,Development,N&SS,Sanity/Shakeout,2/26/2018,Regression,CSICustomerCare,1804_CP&TS_CSTB_Q27A_InquirePaymentProfile_PAMHTTPS_Issue
437287,CSICustomerCare,Severity3,Environment,N&SS,Sanity/Shakeout,2/26/2018,Regression,CSICustomerCare,R1804_CP&TS_CSTB_CreateShippingLabel_Q27A_gettingAResourceRequiredByServiceIsNotAvailableerrorfrombackendNEWGISTICS
437263,CSI,Severity2,Environment,Other,IntegratedSystemsTest(IST),2/26/2018,287493f,CSBOBPM,1804_CSTA_BOBPM_NeedtochangetheGVvalues
437105,MSGRTR,Severity2,Development,Mobility,ProductionValidationTest(PVT),2/26/2018,294546,CSICPSVC,BNS_PVT_294546_GettingerrorasCSI5250UplifttransactionfailedforCTN
437095,CSITroubleManagement,Severity2,Development,Mobility,UserAcceptanceTest(UAT),2/26/2018,294739b,CSIAdapter,1803UATBCS-294739b-Salesforce-DuetoReturnsParseExceptionforTicketOwnerFieldAllowingTooFewCharacters
437056,CSICustomerCare,Severity2,Testing,Mobility,IterationTest,2/26/2018,300352,CSICustomerCare,ServiceMobileDeviceisgettingInternalServerError
437023,CSINetworkManagement,Severity1,EndtoEndTest,Converged,EndtoEndTest(E2E),2/26/2018,288938e,CSI,R1802.post_WLL_ManageSIMStatusfailedinBBNMS
436931,CSIProductandOfferMgt,Severity2,Environment,N&SS,IntegratedSystemsTest(IST),2/26/2018,Regression,CSIAdapter,1802_Q30B_SendMobileSubscriberNotification_GMAdapterCallsWithRetry/TERTIARY_ENVtobeSwitchON
436906,CSI,Severity3,Testing,Other,Sanity/Shakeout,2/26/2018,Regression,CSI,TAASDBTestticket-Pleaseignoreit.
436900,CSI,Severity3,Testing,Other,IterationTest,2/26/2018,Regression,CSI,TAASDBTestticket-Pleaseignoreit.
436894,CSI,Severity3,Testing,Other,UnitTest,2/26/2018,Regression,CSI,TAASDBTestticket-Pleaseignoreit.
436345,CSICPSVC,Severity1,Development,Mobility,ProductionValidationTest(PVT),2/23/2018,294546,CSICPSVC,BNS_PVT_294546_UpliftencounteredCSIControlExceptionovertimeswhencallingSWCforuplift
436259,CSBOBPM,Severity3,Development,N&SS,IntegratedSystemsTest(IST),2/23/2018,Regression,CSBOBPM,1802HighfalloutcountforBOBPMsince1802releasewithlatestframeworkartifacts.
436136,CSI,Severity2,Environment,Other,IntegratedSystemsTest(IST),2/23/2018,297394,CSI,"BF_03.18_SIT_Publish_Flow_Designer_Proxy_eOrdering_RegressionTesting_S5_GettingErrorcode90000000001,withfaultDescriptionServiceEnterpriseHSIAOrderResponseNotFoundinConfigurationinlogs."
436090,CSIAdapter,Severity3,Development,Mobility,ProductionValidationTest(PVT),2/23/2018,294546,CSIAdapter,BNS_PVT_294546_TorchindicatesblankUpliftDate/Timeafterincidentcreated
436073,CSIAdapter,Severity1,Environment,Mobility,ProductionValidationTest(PVT),2/23/2018,294546,CSIAdapter,BNS_PVT_294546_CTNisnotbeingrestoredafterbeingupliftedinportal
436023,CSWFBPM,Severity2,EndtoEndTest,BusinessSolutions,EndtoEndTest(E2E),2/23/2018,297620a,CSWFBPM,PID297620a-DSARRequestisnotreflectinginWFBPMportal
435993,NotAnApplication,Severity3,Environment,BusinessSolutions,Sanity/Shakeout,2/23/2018,SharedEnvironment,CSI,SD&ECRPWaiverApprovalProcessTaskReminderNotification(CRP1802131420)
435797,CSFOBPM,Severity2,Development,N&SS,IntegratedSystemsTest(IST),2/23/2018,297620a,CSFOBPM,1802_Q27A_DatasubjectAccessRightsRecords_Unknownpropertyusedinexpression${archerDelegate.getTerminateRequest(sessionId)}.CauseCannotresolveidentifier'sessionId'
435685,CSI,Severity1,IST-IntegratedSystemTest,BusinessSolutions,IntegratedSystemsTest(IST),2/23/2018,302596,CSIAdapter,HALOIST-ST3-DesignSubplanarenotgettingcreated
435675,CSI,Severity1,Development,Converged,IntegratedSystemsTest(IST),2/23/2018,300547,CSI,Post1802_300547_OPUS_UnabletosearchamendBANfromEPOSaswellasfromHomePage.
435558,(FED)-OMX,Severity1,Development,BusinessSolutions,IntegratedSystemsTest(IST),2/23/2018,Regression,CSI,HALO-IST-AVPN-R1803-ST3/QA14-CTHnotcreatedfordecomposeSalesOrderRequestfailureErrorTheServiceNameAVPNreturnedfromdecomposeisnotsupportedbybothOCX-CSIandOCX(CO-IM).
435226,SE,Severity1,Testing,BusinessSolutions,UserAcceptanceTest(UAT),2/22/2018,295359,CSI,1802>.DEMO>>173863>>ContractsarenotreflectinginSEfromRomeviaGCP>>CSIFEDGCP
435148,GCP,Severity1,EndtoEndTest,BusinessSolutions,EndtoEndTest(E2E),2/22/2018,Regression,CSI,1804UATSolutionCRstuckatWaitingforBGWMessage-PlanSubscriptionCompleteNotification
435118,GCP,Severity1,EndtoEndTest,ECP-Cloverleaf,EndtoEndTest(E2E),2/22/2018,295359,CSI,FailingTestCaseETE_BS_NA11_MOW_SDWANspeedCIRrequestisfailing
435101,GRP-MHSExternalClientSupport(ECS),Severity1,Testing,Mobility,Sanity/Shakeout,2/22/2018,301730,CSI,manualsyncbetweenDEVSVNandQCSVNrequested
435092,SalesExpress,Severity1,UAT-UserAcceptanceTest,BusinessSolutions,UserAcceptanceTest(UAT),2/22/2018,289148d,CSI,289148d-UAT-Mexico-UnknownErrorduringCC(SetSolutionisfailing)
435076,OCX,Severity1,IST-IntegratedSystemTest,BusinessSolutions,IntegratedSystemsTest(IST),2/22/2018,302596,CSI,Collaborate-Qa14/ST3-GCpconflicts/listTnAssignmentByTNRangeResponseisfailing
435054,CSI,Severity1,EndtoEndTest,Converged,EndtoEndTest(E2E),2/22/2018,300238a,CSIAdapter,R1802.POST-NeedPropertyfilechange
434876,CSI,Severity2,Environment,Mobility,IntegratedSystemsTest(IST),2/22/2018,295511,CSFOBPM,1802_CP&TS-ACSFOBPM_Q30B_ProcessEnterpriseProvisioningOrder_NeedtocheckGVvalues
434856,GCP,Severity2,IST-IntegratedSystemTest,Other,IntegratedSystemsTest(IST),2/22/2018,Regression,CSI,UATCollaborate_setPSPisfailinghenceGCisnotsuccessinUATenv
434819,CSICPSVC,Severity2,Environment,N&SS,IntegratedSystemsTest(IST),2/22/2018,300238e,CSICPSVC,BF_SIT_03.18_Publish_DTVnowIntegratedoffersAPI_S5geteligibleofffersthrowing504timeout
434805,CSI,Severity2,Development,Mobility,Production,2/22/2018,294381,CSI,ApplePDFtimeout
434769,CSI,Severity1,UAT-UserAcceptanceTest,Mobility,UserAcceptanceTest(UAT),2/22/2018,297394,CSI,STG-CSIFUNCTIONAL-CDH-UserisreceivingCSIDealHashException'100-Insufficientpermissionstocompleterequestedtransaction.-Authorization/AuthenticationFailure-com.att.m2e.csi.common.exceptions.CSIControlExceptionAuthenticationPartner
434580,CSICPSVC,Severity1,Environment,N&SS,IntegratedSystemsTest(IST),2/22/2018,300238e,CSICPSVC,BF_SIT_03.18_Publish_DTVnowIntegratedoffersAPI_S5geteligibleofffersnotshowing35$discountforNYCdata
434519,CSI,Severity1,Environment,Other,IntegratedSystemsTest(IST),2/22/2018,287493a,CSI,1804CSIEnvironment->ConfigChanges
434422,CSI,Severity1,Environment,Mobility,IterationTest,2/22/2018,302286,CSI,Premier/POCB/1804/Sprint4/PQCE21FacingtechnicalissueswhilesubmittingtransactionsfromPremierPOCApplicationinPQCE21environment
434384,CSICustomerCare,Severity3,Development,Mobility,Production,2/21/2018,ProductionFix,CSICustomerCare,BCARE-ConnectedCar-AccounttypenotSupported
434275,CSI,Severity2,Development,U-verse,Production,2/21/2018,ProductionFix,CSI,ACTIONISNOTALLOWED-THEINTERFACEHASBEENINVOKEDOUTOFSEQUENCEFORTHISBUSINESSPROCESS
434211,CSIAdapter,Severity2,EndtoEndTest,Mobility,EndtoEndTest(E2E),2/21/2018,299509,CSIAdapter,Pleasechangeconfigurationasmentionedinq25.q22emvironments.
434037,CSI,Severity1,Environment,N&SS,IntegratedSystemsTest(IST),2/21/2018,301218,CSI,BF_SIT_03.18_Publish_DTVnowIntegratedoffersAPI_S5throwing500CPSservererrorforgeteligibleofffers
433941,OCX,Severity1,IST-IntegratedSystemTest,BusinessSolutions,IntegratedSystemsTest(IST),2/21/2018,302596,CSI,HALO-IST-1804-TriggerUSRPisfailingwithUnsuccessfulInquireEnterpriseOrderData/InquireOrderDataCall
433895,CSFOBPM,Severity3,Environment,N&SS,IntegratedSystemsTest(IST),2/21/2018,294546,CSFOBPM,updaterestoralintervaltimefrom7200000millisto1800000millisforFirstNetNetworkConfigurationinQ28(from2hourto30mins)
433839,CSI,Severity2,Development,Other,IntegratedSystemsTest(IST),2/21/2018,297394,CSI,BF_03.18_SIT_Publish_Flow_Designer_Proxy_eOrdering_RegressionTesting_S5_NotificationsarenotdisplayedinListenerURI.
433619,CSFOBPM,Severity3,Development,Mobility,Production,2/21/2018,Non-ITOrg,CSFOBPM,Weareunabletoactivatethisdevicebecauseitisalreadyactiveondifferentsubscriber
433085,SalesExpress,Severity1,Testing,Other,IntegratedSystemsTest(IST),2/20/2018,289148d,CSIAdapter,ST_RegressionADIInquireEnterprisePriceQuoteDetailsfailingtoretrievetokeninUATenv-T4
433075,CSICPSVC,Severity1,EndtoEndTest,Mobility,EndtoEndTest(E2E),2/20/2018,293876,CSICPSVC,BNS_E2E_R1804_293876_Getting500ServerErrorforTestClient
432975,CSFOBPM,Severity2,Environment,Mobility,IntegratedSystemsTest(IST),2/20/2018,290772b,CSIAdapter,1804_CSFOBPMmicroServices_Q27A_FraudPrevention_SubscriberContactVerification_UpdateURLforROMEadapter
432973,CSIAdapter,Severity2,Environment,N&SS,UserAcceptanceTest(UAT),2/20/2018,301218,CSIAdapter,"BF_03.18_UAT_Publish_Regression_MIMconsentpageisnotopening,GettingerrorSorry,therewasaproblem."
432940,CSFOBPM,Severity2,Development,N&SS,IntegratedSystemsTest(IST),2/20/2018,297620a,CSFOBPM,"1804_Q27A-DataSubjectAccessRightsRecords_forretrivealoffile,FOBPMdoesnotprovidefilename-insteaditprovidesbytes"
432661,CSBRMS,Severity3,Development,N&SS,IntegratedSystemsTest(IST),2/20/2018,Regression,CSBRMS,"1802-Q30BDUCSCR-1801-0562iMEIMismatchRulesTesting,MatchingWrongRules."
432586,CSFOBPM,Severity1,Environment,Mobility,IntegratedSystemsTest(IST),2/20/2018,Regression,CSFOBPM,1802-Regression-CCAR-EnrollmentordersarefailingatMoveMobileSubscriber
432408,GCP,Severity1,IST-IntegratedSystemTest,BusinessSolutions,IntegratedSystemsTest(IST),2/20/2018,302596,CSI,HALOISTAUTO-1804-ST3-ISODResponseisfailingcom.att.m2e.csi.common.exceptions.CSIControlExceptionAuthenticationPartnerFailed
432386,OCX,Severity1,IST-IntegratedSystemTest,BusinessSolutions,IntegratedSystemsTest(IST),2/20/2018,294728b,CSI,CollaborateIST-ST4-Post1802-InquireFiberServiceLocalRoutingNumbersRequestisfailingwithCSIerror
432286,myAT&TSales,Severity3,AssemblyTest,Mobility,AssemblyTest,2/20/2018,300238a,CSICustomerCare,1802.c_EAP_Incorrectcontentdisplayedinactivationmail
432089,myAT&TSales,Severity1,Development,U-verse,IntegratedSystemsTest(IST),2/19/2018,Regression,CSI,1802_tst02_FMOaddressordercomingasPMOorders
432016,NRTCCPS,Severity1,EndtoEndTest,Mobility,EndtoEndTest(E2E),2/19/2018,294187,CSICPSVC,"ERROR->UPRsystemisnotavailable.,messageIdCPS.UPR-0001"
431981,CSI,Severity1,Environment,Other,Sanity/Shakeout,2/19/2018,298316,CSI,EDFGENRICconfigchangesforCSiQ22ha
431965,MR,Severity1,Development,Mobility,ProductionValidationTest(PVT),2/19/2018,294546,CSICPSVC,BNS_PVT_294546_1802_UpliftupdatecallfromCSItoSWCismissing
431942,CSIAdapter,Severity2,Environment,N&SS,IntegratedSystemsTest(IST),2/19/2018,294564b,CSIAdapter,"BF_03.18_SIT_Publish_FirstNetIOC2_S5IMMN,MIMConsentURLlandsdirectlyintoProvisioningerror"
431838,APIOGW,Severity1,Operational,Other,Production,2/19/2018,295511,CSI,Gateway2128.0.x-GatewayretryingonschemaerrorsforFOBPMservices
431706,CSI,Severity1,EndtoEndTest,Mobility,EndtoEndTest(E2E),2/19/2018,294187,CSI,http//www.csi.cingular.com200Serviceisnotavailable.
431704,CSIAdapter,Severity1,Environment,Other,IntegratedSystemsTest(IST),2/19/2018,297035,CSIAdapter,"GMAdapterGVvalueupdateneededfor1710,1802,1803forPEP4837"
431394,CSI,Severity1,Testing,U-verse,RapidDeploymentTest(RD),2/19/2018,295788,CSI,"1802INTAOPUSgettingerror,'2001300000014DownstreamConnectionIssue'."
430926,CSICustomerCare,Severity3,Environment,N&SS,IntegratedSystemsTest(IST),2/16/2018,Regression,CSI,1803_N&SSSM_Q24B_AddSupplierDetails_APSUPPLIERDB_200Error
430924,CSFOBPM,Severity1,IST-IntegratedSystemTest,Other,IntegratedSystemsTest(IST),2/16/2018,295511,CSFOBPM,Post-1802/Q29c/Q28Companycreation(CreateOrganizationandAdminIdAPI)isfailing
430680,CSI,Severity1,IST-IntegratedSystemTest,Mobility,IntegratedSystemsTest(IST),2/16/2018,Regression,CSI,1802_OPUS_BCare_Gettingerrorwhilereservingport-innumbers
430655,CSFOBPM,Severity1,IST-IntegratedSystemTest,BusinessSolutions,IntegratedSystemsTest(IST),2/16/2018,295359,CSFOBPM,UpdateOrganizationProfileAPIgivingerroronQ28-1802
430642,CSICustomerCare,Severity2,Environment,N&SS,Sanity/Shakeout,2/16/2018,Regression,CSI,1803_N&SSSM_ValidatePrepaidCustomer_Q24B_Config_Changes
430618,GRP-ET-Ethernet&Merged,Severity1,EndtoEndTest,BusinessSolutions,EndtoEndTest(E2E),2/16/2018,297620a,CSFOBPM,PID297620aFOBPMisnotreceivingATTePCADSAREmployeeInquiryRequest108
430614,CSFOBPM,Severity1,IST-IntegratedSystemTest,N&SS,IntegratedSystemsTest(IST),2/16/2018,294564b,CSFOBPM,BF_SIT_03.18_Publish_FirstNetPushNotification_S5Getting400Badrequestforallthecalls
430462,CSIAdapter,Severity1,EndtoEndTest,Converged,EndtoEndTest(E2E),2/16/2018,Regression,CSIAdapter,R1802_Post_FIE_OPUS_MDU_DTVValidateAddresshasfailedaftercustomerinfopage
430423,CSICreditandVal,Severity1,EndtoEndTest,U-verse,EndtoEndTest(E2E),2/16/2018,296041,CSICreditandVal,R1802.Post_FIE_SmokeTest_OPUS_Gettingsystemfailureaftercustomerinfopage
430413,CSICustomerCare,Severity1,Development,Other,Sanity/Shakeout,2/16/2018,Regression,CSICustomerCare,Needofupdatingdescriptor.xmlof1803branchfromv224tov228foronstarissue
430386,CSIAdapter,Severity1,Development,Other,Sanity/Shakeout,2/16/2018,Regression,CSIAdapter,NeedTOchangeVPdescriptor.xmlof1803branchfromv109tov128
430380,CSI,Severity1,Environment,BusinessSolutions,UnitTest,2/16/2018,291679c,CSIAdapter,"GVvaluechangeneededforPAMHTTPSAdapter,1804Ri.e.v130branch,HOME_SECUREBundle"
430071,CSICPSVC,Severity2,PVT-ProductionVolumeTest,Mobility,Production,2/15/2018,289266d,CSICPSVC,"WhenSMARTPSOCisremovedviaTelegence,theSMARTPTRKSOCremainswhichcausesincorrectEligibilityresponsesonsubsequentGETEligibilitycalls"
430036,tGuard,Severity1,UAT-UserAcceptanceTest,Mobility,UserAcceptanceTest(UAT),2/15/2018,279692d,CSI,"1802-2FAStage-Afterencounteringthedeliverymethodpagefor2FAandclickingcontinue,thereisasignificantlagbeforearrivingontheOTPentrypage"
430002,CSICustomerCare,Severity1,IST-IntegratedSystemTest,Other,IntegratedSystemsTest(IST),2/15/2018,301037,CSICustomerCare,Internalservererror-/InquireCustomerSnapshotCSIAPI
429998,CSI,Severity1,Triage,BusinessSolutions,EndtoEndTest(E2E),2/15/2018,297620a,CSI,PID296720a-DSARInquiryRequestforenterprisecustomernotreceivedbyFOBPM
429955,CSIAdapter,Severity1,EndtoEndTest,Converged,EndtoEndTest(E2E),2/15/2018,296041,CSIAdapter,R1802_E2E_MPIE_smoketest--OPUSNNsmoketest_BBpagenotloafinggettingUnabletoprocessUnifiedOrderatthistimeduetosystemissue.RedirecttoPCApage
429921,CSFOBPM,Severity1,EndtoEndTest,Mobility,EndtoEndTest(E2E),2/15/2018,294546,CSFOBPM,BNSE2ER1802294546-UnabletocreateincidentinIMPportalforuplift
429901,GRP-MHSExternalClientSupport(ECS),Severity3,QualityControl,UnifiedCollectionSystem,UnitTest,2/15/2018,298592,CSI,STI-RequestforIOODexampleforSuccessful&Cancelledorders
429889,OPUS-C,Severity1,IST-IntegratedSystemTest,Converged,IntegratedSystemsTest(IST),2/15/2018,300547,CSI,Post1802_GettingValidateAddressfailedforUnifiedOrders
429883,(FED)-CIS,Severity2,Triage,Other,IterationTest,2/15/2018,284465k,CSI,RequesttochangeDBConfigforQ22CISDBAdatper
429743,CSIAdapter,Severity1,UAT-UserAcceptanceTest,DTV,UserAcceptanceTest(UAT),2/15/2018,295667c,CSIAdapter,ProvideFlow-Allflowsblockedwithvalidateaddresserroraftercreateaccount
429720,CSICustomerCare,Severity2,Environment,N&SS,IntegratedSystemsTest(IST),2/15/2018,Regression,CSI,1803_CP&TS_CSTB_AddFiberServiceCreditPolicy_Q24B_ConfigIssue
429716,CPC,Severity1,Testing,Mobility,IterationTest,2/15/2018,295667a,CSIAdapter,UpdateBackendURLforCPCAdapter-1804(Q22)Envs
429712,CSICustomerCare,Severity3,Development,Mobility,Production,2/15/2018,Non-ITOrg,CSICustomerCare,"dlifedlosf-InquireAccountProfile,throwingerrorforBAN-EOD"
429693,CSICPSVC,Severity1,Development,Mobility,EndtoEndTest(E2E),2/15/2018,290426f,CSICPSVC,BNS_E2E_R1802_290426f_Getsessioneligibilityisfailing
429625,GRP-BNSE2EMobility,Severity1,EndtoEndTest,Mobility,EndtoEndTest(E2E),2/15/2018,290426f,CSI,BNS_E2E_R1802_290426f_LoadCTNsinCAM
429618,CSICPSVC,Severity1,Development,Mobility,EndtoEndTest(E2E),2/15/2018,294546,CSICPSVC,BNSE2ER1802294546-UnabletoupliftctnsinFNIMPportal
429598,CSI,Severity3,Environment,BusinessSolutions,UnitTest,2/15/2018,293863b,CSIAdapter,GVValueChangeforROMEAdapterBUSINESS_CLASSICTbundle1804RQCenv
429570,CSICPSVC,Severity3,Development,Other,Production,2/15/2018,302209,CSICPSVC,"NewCPSservice,com.att.csi.provisionconf.sna.unifiedvoicehostingtakesmorethan4GBheapand400+secondstostart"
429564,CSICustomerCare,Severity3,Environment,N&SS,IntegratedSystemsTest(IST),2/15/2018,Regression,CSICustomerCare,1803_CP&TS_CSTB_Q24B_AddPayment_CAM_ServiceUnavailable_200
429550,CSIOrderandSubscriptionMngt,Severity2,Environment,N&SS,IntegratedSystemsTest(IST),2/15/2018,Regression,CSI,1803_N&SSSM_OrderEquipment_Q24B_Error200_YODA
429401,CSBOBPM,Severity2,Development,N&SS,IntegratedSystemsTest(IST),2/15/2018,295667d,CSBOBPM,Q30B-IntegratedOffersCompliancemSAPIthrowMessageVersionnotsetinheaderexception
429153,GATEWAY,Severity3,Development,Other,UnitTest,2/14/2018,2017S33772,CSI,com.att.csidgateway2-config128.0.248
429053,CSI,Severity1,Environment,N&SS,IntegratedSystemsTest(IST),2/14/2018,294564b,CSI,BF_SIT_03.18_Publish_FirstNetPushNotification_S5504GWTimeoutforallFNMethods
428996,CSIAdapter,Severity2,Environment,N&SS,IntegratedSystemsTest(IST),2/14/2018,Regression,CSFOBPM,1802_Q30B_FOBPMSubscribersAndServices_FOBPM_OnStar_Pleaseupdatetheconfigvalues
428969,CSI,Severity1,Environment,Other,Sanity/Shakeout,2/14/2018,299682,CSI,ConfigchangesforMobilityCSIQ22ha
428920,GRP-EQEHomeSolutionsE2E,Severity1,EndtoEndTest,Converged,EndtoEndTest(E2E),2/14/2018,Regression,CSI,1802_ST_MPIE_CRMnew_newordersarethrowingServiceaddressvalidationisunavailable.Pleasecontactsystemadministratorerroronvalidateserviceaddresspage
428917,CSICustomerCare,Severity1,UAT-UserAcceptanceTest,Mobility,UserAcceptanceTest(UAT),2/14/2018,301730,CSI,AllAPI'sarefailingin1802
428866,CSICPSVC,Severity2,IST-IntegratedSystemTest,Mobility,IntegratedSystemsTest(IST),2/14/2018,295511,CSICPSVC,R1802_UnifiedVoiceHosting_ConfigChanges.
428736,CSIAdapter,Severity3,Environment,Other,IntegratedSystemsTest(IST),2/14/2018,298513b,CSIAdapter,ChangeinGVvaluesforPAMHTTPSadapterHOME_SECUREbundleFOR1804RELEASE
428582,CSI,Severity2,Environment,Other,IntegratedSystemsTest(IST),2/14/2018,Regression,CSI,"ForW02Pre-Order,Getting014fromfeatureinquiry"
428128,CSBOBPM,Severity3,Development,Other,Production,2/13/2018,294081,CSBOBPM,BOBPMunabletosendtheAppleBillingreceiptidinformationtoCPSVCserviceduetotheInvokeRestServiceactivityfailure.Becauseofitreceiptswhichareexpiredwerenotdowngraded.
428114,CSIAdapter,Severity1,Development,N&SS,IntegratedSystemsTest(IST),2/13/2018,Regression,CSIAdapter,Q25B-CSBOBPM-SendBillingReceiptDetails-NeedtoupdatethelistenersinQ25BenvforSOLACEJMS9
428045,CSI,Severity2,Development,U-verse,Production,2/13/2018,ProductionFix,CSIAdapter,ERRORNPCPriceNOTMATCH.OCEPriceMULTIPLECATEGORIESASGIVENINDESCRIPTION
428026,CSI,Severity1,Environment,Other,EndtoEndTest(E2E),2/13/2018,299682,CSI,1802CSIQ28haROMEurlchanges
427905,LS-OMS,Severity2,IST-IntegratedSystemTest,U-verse,IntegratedSystemsTest(IST),2/13/2018,Regression,CSI,"R1802Bundle2/14Orderfailingat4thSetStatuswithUnknownError,faultDescription>OrderIdalreadyexists"
427728,GCP,Severity1,Testing,Other,IntegratedSystemsTest(IST),2/13/2018,295960c,CSIAdapter,SolutionisnotcreatinginADOPTafterlaunchfromROMEintoADOPTpostoptycreation.
427623,CSICPSVC,Severity2,Development,Mobility,Production,2/13/2018,294236,CSICPSVC,Defect-AT&TThanksrelatedBugs/defectsintheserviceaccount
427503,OCE,Severity1,EndtoEndTest,Mobility,EndtoEndTest(E2E),2/13/2018,Regression,CSI,BNS_E2E_R1802_DailyShakeout_MyATTNewActivation_Wireless(DF)-OrderfailinginOCEasUPDATE_ACCOUNT_CONSENT_FAIL
427378,CSI,Severity1,IST-IntegratedSystemTest,Other,IntegratedSystemsTest(IST),2/13/2018,295960c,CSI,SetSolutionisfailinginAprilST
427373,GRP-BNSE2EMobility,Severity1,EndtoEndTest,Mobility,EndtoEndTest(E2E),2/13/2018,293876,CSI,BNS_E2E_R1804_293876_GetSessioneligibilityfail
427185,myAT&TSales,Severity1,IST-IntegratedSystemTest,U-verse,IntegratedSystemsTest(IST),2/12/2018,282659,CSICustomerCare,2018.02.b_REG_Provide_UnabletodoCKAVasIUCSPapicallisfailing
427020,GRP-MHSExternalClientSupport(ECS),Severity1,UAT-UserAcceptanceTest,Mobility,UserAcceptanceTest(UAT),2/12/2018,301730,CSFOBPM,Activationsfailingin1802
427006,NetworkAPI,Severity2,Development,Other,UnitTest,2/12/2018,2017B33772,CSBOBPM,IR1092203SBBD(failure)D3ACSIcom.att.csidNetworkManagement_OrderProvisioning230.0.3
426976,CSI,Severity1,Testing,Mobility,IterationTest,2/12/2018,302286,CSI,"Premier/POCB/1804/Sprint3/PQCE21CSIWebservicesarefailing.IFP,IAPandISPareallofailing,UnabletoplaceAccountinincontextinPremier."
426896,CSI,Severity1,Environment,Other,IntegratedSystemsTest(IST),2/12/2018,301020,CSI,BF_03.18_SIT-Publish_MobileSecurity&CallProtectOpt-in_S5consentmanagementAPIcallsarethrowing503ServiceUnavailable
426873,GRP-EQEHomeSolutionsE2E,Severity1,EndtoEndTest,Converged,EndtoEndTest(E2E),2/12/2018,295582,CSI,R1802-300238a-InquireAccountProfileFailing
426778,CSWFBPM,Severity3,EndtoEndTest,BusinessSolutions,EndtoEndTest(E2E),2/12/2018,297620a,CSWFBPM,PID297260a-TaskisnotgettingcreatedinWFBPMportal(forNon-MOTSIDFlow)
426768,CSBOBPM,Severity1,Testing,N&SS,IntegratedSystemsTest(IST),2/12/2018,295667d,CSBOBPM,ENVQ30BFederatedMREdidn'treturnthepromodetailstoBOBPM
426563,CSI,Severity1,Environment,Mobility,IntegratedSystemsTest(IST),2/12/2018,295511,CSI,1802_CP&TS-ACSFOBPM_Q30B_ProcessEnterpriseProvisioningOrder_Config_Changes
426050,CSICustomerCare,Severity2,Development,N&SS,IntegratedSystemsTest(IST),2/11/2018,295667d,CSICustomerCare,1802_CP&TS_CSTB_Q30b_UpdateSubscriberProfile_SchemaError_VersionProxyError
426004,CSICustomerCare,Severity2,Development,N&SS,IntegratedSystemsTest(IST),2/11/2018,Regression,CSICustomerCare,1802_CP&TS_CSTB_Q30b_InquireUnifiedAccountProfile_ResourceRequiredByServiceIsNotAvailable
425960,CSI,Severity2,Testing,BusinessSolutions,Production,2/11/2018,289148d,CSI,289148d-UCT-CSIAddressorServiceValidationAPIsaredown.Pleasetryagainlater
425931,CSI,Severity1,UAT-UserAcceptanceTest,Mobility,ProductionValidationTest(PVT),2/11/2018,297394,CSI,UCT-SFDC-FUNCTIONAL-AVPN/MIS-RDS-ISSUESWITHMD5ENCRYPTION
425858,CSICustomerCare,Severity1,IST-IntegratedSystemTest,Mobility,IntegratedSystemsTest(IST),2/10/2018,Regression,CSICustomerCare,1802-Regression-USPisfailingwithschemaerrorfromCSIwhenthereareaddandremovefeaturesinrequestinCRUflow
425788,CSBOBPM,Severity3,Development,N&SS,IntegratedSystemsTest(IST),2/9/2018,295667d,CSBOBPM,IRNisnothitthegatewayduetothequeueissueinQ30BENV
425667,CSICPSVC,Severity2,Development,Mobility,ProductionValidationTest(PVT),2/9/2018,289266d,CSICPSVC,NightlyBatchJobCPSSends2CSITransactionstoLookout-1withoutAccountID(BadTrnx)CausesAccountOutofSync-Severity1LaunchGating
425627,CSI,Severity1,Environment,Mobility,IntegratedSystemsTest(IST),2/9/2018,295511,CSFOBPM,1802_CP&TS-ACSFOBPM_Q30B_ProcessEnterpriseProvisioningOrder_SimulatorTestingConfigChange
425539,CSFOBPM,Severity3,Development,Other,UnitTest,2/9/2018,294564b,CSFOBPM,FoundfirstnetnetworkconfigurationhashardcodedURL?sinMasterEndPointOverrideMap.xml.
425409,CSICPSVC,Severity3,Development,Mobility,ProductionValidationTest(PVT),2/9/2018,289266d,CSICPSVC,LookoutpayloadismissingaccountIdfieldintheapplereceiptvalidationflow.
425391,CSICPSVC,Severity3,Development,Mobility,ProductionValidationTest(PVT),2/9/2018,289266d,CSICPSVC,CPSdonothavecheckagainstdealercodeonProductNotificationReplaceSocscenario
425373,OPUS-C,Severity1,IST-IntegratedSystemTest,Mobility,IntegratedSystemsTest(IST),2/9/2018,Regression,CSICustomerCare,1802_OPUS_NotabletolaunchsnapshotandgettingGRIDdownissuewhentryingtoconnecttocsiq28
425248,CSICustomerCare,Severity2,Development,Other,Production,2/9/2018,301218,CSIAdapter,InquireCustomerSnapshot-ModeMSubNumOnly-error-com/sun/xml/bind/v2/runtime/reflect/opt/Const
425161,CSICustomerCare,Severity3,Environment,N&SS,IntegratedSystemsTest(IST),2/9/2018,Regression,CSICustomerCare,1803_CP&TS_CSTB_Q24b_InquireCustomerSnapshot_CCRLDAP_ServiceUnavailable_200
424937,CSI,Severity1,Testing,BusinessSolutions,IntegratedSystemsTest(IST),2/9/2018,282497d,CSI,PID282497dQ29cVTenvironmentisthrowingerrorlikeExceptioningetCheckDbResponseCSIExceptionMessage
424874,CSI,Severity2,Environment,Mobility,UserAcceptanceTest(UAT),2/8/2018,301730,CSI,"1802Q28A&B-NONIT_TOTALCONNECTAdapterconfigurationupdate,GMbackend.2/12MaintenanceWindowchange"
424868,CSI,Severity2,PVT-ProductionVolumeTest,Other,ProductionValidationTest(PVT),2/8/2018,Regression,CSI,OPSSPRODMetrocellDevicesassociatedtotheaccountnotseenontheManageDevicepage.
424684,NotAnApplication,Severity3,Testing,N&SS,IntegratedSystemsTest(IST),2/8/2018,295667d,CSBOBPM,RequestfornewqueueconfigurationinQ30B
424590,GRP-BNSE2EMobility,Severity1,EndtoEndTest,Mobility,EndtoEndTest(E2E),2/8/2018,290426f,CSI,BNS_E2E_R1802_290426f_LoadCTNsinCAM
424359,CSI,Severity1,Environment,Mobility,IntegratedSystemsTest(IST),2/8/2018,299656,CSI,1802_299656_FrontierOnboarding-gettingCSIasunavailableoninteractionhomepagewhiledoingextDTV+3rdpartyviaLIC
424301,CSFOBPM,Severity2,Development,N&SS,IntegratedSystemsTest(IST),2/8/2018,294546,CSFOBPM,1802_CP&TS-ACSFOBPM_Q30B_FirstNetNetworkConfiguration_MakeQ30BConfigurationChangeduetotypointopicname
423821,CSI(FED)-SSDF,Severity2,Development,Other,UnitTest,2/7/2018,2017B33772,CSBOBPM,IR1091265com.att.csidAPIPlatform_ASOC_Premise104.0.4Rel1803
423810,NotAnApplication,Severity2,Testing,Other,UnitTest,2/7/2018,2017B33772,CSBOBPM,IR1091178D3Acom.att.csidOrderAndSubscriptionManagementIPNetwork_NetworkOrdersAndMore230.0.0Rel1804
423661,CSI,Severity3,Environment,Mobility,IntegratedSystemsTest(IST),2/7/2018,295511,CSIAdapter,1802_CP&TS-ACSFOBPM_Q30B_ProcessEnterpriseProvisioningOrder_ServiceUnavailable
423657,CSI,Severity1,Testing,Other,IntegratedSystemsTest(IST),2/7/2018,295960c,CSIAdapter,AVPNContractGenerationfailingwithCDATAerrorfromGCP.
423585,CSBOBPM,Severity2,Environment,Mobility,EndtoEndTest(E2E),2/7/2018,Regression,CSBOBPM,1802_E2E_R111409_DUCStreatmentsarenotgettingtriggeredfor16.5GBofusagesrunagainstSDGUNLACPlan
423578,CSIWorkForce,Severity2,IST-IntegratedSystemTest,U-verse,IntegratedSystemsTest(IST),2/7/2018,Regression,CSI,1802PSESHAKEOUTDueDatesareavailablefrom2dayslateratndd
423507,GRP-EQEHomeSolutionsE2E,Severity1,EndtoEndTest,Converged,EndtoEndTest(E2E),2/7/2018,296041,CSI,R1802_C104_R22016_FIE_OPUS_D11B_OMS1AT01_ISAAC_UFOUnabletoactivateSwaporderReceiverfromISAAC
423423,CSIProductandOfferMgt,Severity2,Environment,N&SS,IntegratedSystemsTest(IST),2/7/2018,Regression,CSI,1802_Q30B_NeedtoupdatetheCPCadapterGv's
423370,CSBRMS,Severity1,Development,Other,EndtoEndTest(E2E),2/7/2018,282497d,CSBRMS,1802FIXTPREUCT-InappropriateBRMSErrorsGivenonDCSBulkRelink
423350,CSBOBPM,Severity1,IST-IntegratedSystemTest,N&SS,IntegratedSystemsTest(IST),2/7/2018,287493f,CSBOBPM,1801_CP&TS-ACSBOBPM_Q30A_BOBPMOrders_BOBPM_OrderManagementAndMore_T3Configchanges
423348,CSFOBPM,Severity1,IST-IntegratedSystemTest,N&SS,IntegratedSystemsTest(IST),2/7/2018,294546,CSFOBPM,1802_CP&TS-ACSFOBPM_Q30B_FirstNetNetworkConfiguration_MakeQ30Benvspecificvariables
423250,GRP-MHSExternalClientSupport(ECS),Severity2,QualityControl,UnifiedCollectionSystem,UnitTest,2/7/2018,298592,CSI,STI-EUCCresponsenotreturningAlertSeverityAforstismbc
423075,CSIAdapter,Severity1,Environment,N&SS,RapidDeploymentTest(RD),2/7/2018,RapidDeployment,CSFOBPM,1802_Q30B-needtochangetheCCRRURL
422770,SSDF,Severity1,IST-IntegratedSystemTest,BusinessSolutions,IntegratedSystemsTest(IST),2/7/2018,Non-ITOrg,CSI,"UAT-Regression-UnabletocreatesolutioninADOPT(whenlaunchedfromROME,Pageisnavigatingtohomescreen.)"
422701,LSCRM,Severity1,IST-IntegratedSystemTest,U-verse,IntegratedSystemsTest(IST),2/7/2018,RapidDeployment,CSICustomerCare,R1802GettingTimeoutissueonINTAENV
422536,CSBOBPM,Severity2,Development,Other,UnitTest,2/6/2018,2017S33772,CSBOBPM,spm_timingtabledatamissingforCustomerRewardsComplianceserviceinms
422322,CSICustomerCare,Severity2,Environment,N&SS,IntegratedSystemsTest(IST),2/6/2018,Regression,CSICustomerCare,1803_CP&TS_CSTB_Q24B_InquireCustomerSnapshot_GRID_URL_Change
422229,CSICustomerCare,Severity1,Tables,Mobility,IterationTest,2/6/2018,302286,CSICustomerCare,ISADAPIisfailingduetoAResourceRequiredByServiceIsNotAvailablewithNotrustedcertificatefound
422213,CSICPSVC,Severity2,SCM-SoftwareConfigurationMgmt,Mobility,IterationTest,2/6/2018,294546,CSICPSVC,MOGURLneedstobechangedinQ30(1802)
421969,CSI,Severity2,Environment,ECP-Cloverleaf,EndtoEndTest(E2E),2/6/2018,295960c,CSI,295960C_ETE_BS_IB01_AVPN_UB_DS_DOM_EsigntransactionIDismissingwhenlaunchingesigntodocountersignature
421829,GCP,Severity2,EndtoEndTest,ECP-Cloverleaf,EndtoEndTest(E2E),2/6/2018,295960c,CSI,"295960c_AVPN_GettingdifferentcustomernameinADOPT,comparetoROME"
421652,CSI,Severity1,Environment,Mobility,IntegratedSystemsTest(IST),2/5/2018,Regression,CSI,Phoenix1802_CSI_GettingServiceisnotavailable.Pleasetryagainlater.
421542,CSIWorkForce,Severity1,ProductionProblemManagement,Mobility,Production,2/5/2018,Regression,CSIWorkForce,241376254_RC1_CannotretrieveinstalldatesforDTV
421486,GRP-EQEMobilityE2E,Severity2,Testing,Mobility,EndtoEndTest(E2E),2/5/2018,300856,CSI,1802_E2E_300856_NotgettingACuraPrepaidCTNmovedtoPostpaidSDGSDGN1plan
421295,ATTeBiz,Severity3,IST-IntegratedSystemTest,Other,Sanity/Shakeout,2/5/2018,Regression,CSI,UAT2FAQ--Registration&LogintheimageinGETHELPFROMCOMMUNITYFORUMsectionappearstobebroken
421264,(FED)-BGW,Severity1,Environment,BusinessSolutions,IntegratedSystemsTest(IST),2/5/2018,282497d,CSI,PID282497dForQ28ISTenvironmentgettingexception
421231,CSBOBPM,Severity1,Testing,N&SS,IntegratedSystemsTest(IST),2/5/2018,295667d,CSBOBPM,1802_Q30B_IntegratedOffers-facingBOBPMandCDFconnectivityissue.
420564,CSI,Severity3,Environment,BusinessSolutions,IntegratedSystemsTest(IST),2/4/2018,295960c,CSI,295960c-CLSRflow-SR-inSRdetailsCLSRlaunchinginkdidntgetgenerated
420195,CSWFBPM,Severity3,Development,Mobility,IntegratedSystemsTest(IST),2/2/2018,295511,CSWFBPM,1802_CSWFBPM_295511_MobilizationofAT&TCollaborate_AOTS_AutomaticRefresh
419984,CSFOBPM,Severity1,Development,Mobility,EndtoEndTest(E2E),2/2/2018,294546,CSFOBPM,BNS_E2E_R1802_294546_ForExtendUpliftstatusisnotupdatinginIMPPortal.
419903,GRP-EQEHomeSolutionsE2E,Severity1,EndtoEndTest,Converged,EndtoEndTest(E2E),2/2/2018,Regression,CSI,R1802MPIEOPUSNNAT&TUnifiedOrder-ServiceInstallationSpecifieddatedoesnothaveanytimeslots
419801,CSIAdapter,Severity1,Testing,N&SS,IntegratedSystemsTest(IST),2/2/2018,294546,CSFOBPM,1802_CP&TS-ACSFOBPM_Q30B_FirstNetNetworkConfiguration_NotgettingswcAsync
419760,CSFOBPM,Severity1,Development,Mobility,EndtoEndTest(E2E),2/2/2018,294546,CSFOBPM,BNS_E2E_R1802_294546Restoredstatusisnotgettingupdatedinportal-https//test-incidentmgt.firstnet.att.com
419737,Bloopy/DQT,Severity2,Development,BusinessSolutions,Production,2/2/2018,288778c,CSICustomerCare,BloopySENotWorking
419705,CSICustomerCare,Severity1,AssemblyTest,Mobility,AssemblyTest,2/2/2018,300238a,CSICustomerCare,1802.b_EAP_InquireMobileSubscriberProfileAPIisfailingatCSIQ28-Tst04
419684,"MyATT,MSe",Severity1,IST-IntegratedSystemTest,Mobility,IntegratedSystemsTest(IST),2/2/2018,Regression,CSI,R1802/1803_RegressionLoginissueonbothwebandDSSenvironments
419638,GRP-EQEHomeSolutionsE2E,Severity1,EndtoEndTest,Converged,EndtoEndTest(E2E),2/2/2018,Regression,CSI,R1802MPIEOPUSNNST8.xFlowgettingReviewrequiredforUverseservices
419162,SalesExpress,Severity1,IST-IntegratedSystemTest,Other,IntegratedSystemsTest(IST),2/1/2018,296041,CSI,ST_Progresssion_296041_AppointmentdatesarenotretrirvedforVoiceorders_ExistingCustomers
419137,CSI(FED)-SSDF,Severity1,Development,Other,UnitTest,2/1/2018,2017S33772,CSFOBPM,IR1089511com.att.csidCSIshared-config128.0.17REl1802
419090,CSICustomerCare,Severity2,Development,BusinessSolutions,EndtoEndTest(E2E),2/1/2018,284465h,CSICustomerCare,"R1802,PID284465h,ETETesting,COP,NSF45923>>SynctoEUAMfeaturenotworkingforadding171additonalInvoiceAdditionalCDGBlockpresentinrequesttoBGW"
418916,CSICustomerCare,Severity2,Development,N&SS,IntegratedSystemsTest(IST),2/1/2018,293608a,CSICustomerCare,1802_CP&TS_CSTB_Q30B_InquireCustomerSnapshot_ERICSSON_field_not_retrieved_in_public_response
418901,Bloopy/DQT,Severity3,Triage,BusinessSolutions,AssemblyTest,2/1/2018,288778c,CSICustomerCare,NewServicePolicyforITPAclients
418828,SalesExpress,Severity1,IST-IntegratedSystemTest,Other,IntegratedSystemsTest(IST),2/1/2018,292308c,CSI,ST_Regression-AddressValidationisfailingforATTCollaborateandIPFROTTon1804(Test2)env
418746,CSBOBPM,Severity2,Development,N&SS,IntegratedSystemsTest(IST),2/1/2018,Regression,CSBOBPM,1802_Q30B-ProcessPortingNotification-GettingPre-IVPXMLValidationErrorSchemaforAsyncParallelProcessRequestforversionproxy
418603,CSICreditandVal,Severity3,Environment,Other,IntegratedSystemsTest(IST),2/1/2018,Regression,CSICreditandVal,1803_Q46A_GRID_InquireCollectionData_900_Unknownerror
418473,CSIeSSD,Severity2,Testing,N&SS,IntegratedSystemsTest(IST),2/1/2018,301218,CSIeSSD,BF_02.18_SIT_Non-Publish_CSIGRID_S2_AegisBundleCallMgmtV4AcceptT&CUpdateServicePlanUsingAppleReceipt-shows500ISE
418109,CPC,Severity3,Development,Mobility,IntegratedSystemsTest(IST),2/1/2018,295511,CSIAdapter,295511_1802NotabletogetSKUdetailsinInquireAvailableAccessorycall.
418048,CPC,Severity3,Development,Mobility,IntegratedSystemsTest(IST),2/1/2018,295511,CSIAdapter,295511_1802NotabletogetSKUdetailsinInquireAvailableDevicecall.
417809,SalesExpress,Severity1,Testing,Other,IntegratedSystemsTest(IST),2/1/2018,289148d,CSI,QualifyAddressesPortTypeAPIisfailingonFEBSTandUATenviorments
417712,OPUS-C,Severity3,ProductionProblemManagement,Mobility,Production,1/31/2018,ProductionFix,CSI,"CCARE-ThePasscodeforDIRECTVinthisviewisshowingspecialcharachters,alphacharactersandnumbers"
417557,CSFOBPM,Severity2,Development,N&SS,IntegratedSystemsTest(IST),1/31/2018,294546,CSFOBPM,1802_CP&TS-ACSFOBPM_Q30B_FirstNetNetworkConfiguration_CCRRmSnotavailable
417455,CSICustomerCare,Severity3,Development,N&SS,IntegratedSystemsTest(IST),1/31/2018,295667d,CSICustomerCare,R1802_CP&TS_CSTB_InquireSubscriberPromoDetails_Q30B_productTypeisOptionalFieldinrequestschemabutwithoutthatgettingschemaerrorinresponse
417421,CSI,Severity2,Testing,Other,IntegratedSystemsTest(IST),1/31/2018,301020,CSI,"BF_02.18_SIT_Non-Publish_MobileSecurity&CallProtectOpt-in_S2Prodrealmcredentialsarenotworkingwithsecurewifiserviceid,seeing403ForbiddenwithinvalidscopeinAPIcalls"
417402,CSI(FED)-SSDF,Severity2,Development,Other,UnitTest,1/31/2018,2017B33772,CSBOBPM,IR1088495com.att.csidGlobalComputingPlatformOrdering_CustomerPremiseAndMore229.0.1ErrorinlogRel1803
417379,OPUS-C,Severity2,UAT-UserAcceptanceTest,Mobility,UserAcceptanceTest(UAT),1/31/2018,295667a,CSI,Post1801_RetailUAT_295667a_ExistingIPTVcustomeraddingwrlsnotshowingrequiredIO
417371,"MyATT,MSe",Severity2,PVT-ProductionVolumeTest,Other,ProductionValidationTest(PVT),1/31/2018,Regression,CSIAdapter,OPSSProductionFirstNetchattilenotseeforFirstNetcustomerwhentheysearchfortheirorder.
417150,CSI,Severity3,Development,Other,UnitTest,1/31/2018,2017S33772,CSI,"SPMtimingtableisnotupdatedformSUserOptInConsents,pleasevalidatedashboardloggingsetup."
417139,CSI,Severity3,Development,Other,UnitTest,1/31/2018,2017S33772,CSICPSVC,"SPMtimingtableisnotupdatedformSUnifiedVoiceHosting,pleasevalidatedashboardloggingsetup."
417009,CSIAdapter,Severity2,Development,Other,UnitTest,1/31/2018,2017S33772,CSIAdapter,Adapter.mapshouldnotbeinconfigrole.itshouldbeindockerimageformScom.att.csi.provisionconf.dc.IoTDeviceUpliftNetworkConfiguration
416974,CSI,Severity1,Environment,Mobility,IntegratedSystemsTest(IST),1/31/2018,300238a,CSI,1802.d_EAP_ICDSAPIisfailingatCSIQ28-Tst04
416876,OPUS-C,Severity1,UAT-UserAcceptanceTest,DTV,UserAcceptanceTest(UAT),1/31/2018,295667c,CSI,Amendflow-HardstopafterselectingamendfromOrderSummary.Getanerrorpopupscreen
416834,CSICustomerCare,Severity2,Environment,N&SS,IntegratedSystemsTest(IST),1/31/2018,Regression,CSICustomerCare,1802_CP&TS_CSTB_Q30B_ValidatePrepaidCustomer_VESTA_URL_change
416648,CSICPSVC,Severity2,Testing,Mobility,IntegratedSystemsTest(IST),1/31/2018,Regression,CSICPSVC,Q28_SessionManagement_CreateSession_MOGserviceisnotaccessible
416466,GRP-ET-Halo,Severity1,IST-IntegratedSystemTest,BusinessSolutions,IntegratedSystemsTest(IST),1/31/2018,294728b,CSI,CollaborateIST-AUTO-UpdateEnterpriseOrderStatusisfailinginOMSlogs
416273,CSFOBPM,Severity3,Development,Mobility,IntegratedSystemsTest(IST),1/30/2018,294546,CSFOBPM,1802mSFirstNetDeviceNotificationRouter-SPMtimingtableisnotgettingupdated
416267,CSFOBPM,Severity1,Development,N&SS,IntegratedSystemsTest(IST),1/30/2018,289148d,CSICPSVC,1802_Q30B_FOBPMOrders_CreateEnterpriseBillPreview_FacingOperationTimedOutfromGateway
416264,CSFOBPM,Severity2,Development,Mobility,IntegratedSystemsTest(IST),1/30/2018,282215,CSFOBPM,1802mSEnterpriseUnifiedOrder-moveAdapter.mapfromconfigroletodockerimage
416252,CSFOBPM,Severity1,Development,Mobility,IntegratedSystemsTest(IST),1/30/2018,289148d,CSFOBPM,1802mSEnterpriseBillPreview-configmapchangesrequired
416181,EDF,Severity2,IST-IntegratedSystemTest,Mobility,IntegratedSystemsTest(IST),1/30/2018,295511,CSICPSVC,R1802_Q30B_UnifiedVoiceHosting_UpdateEnterpriseBAN
416135,CSICPSVC,Severity1,Development,Mobility,EndtoEndTest(E2E),1/30/2018,295511,CSICPSVC,BNS-E2E_TrackingSOCisgettingaddedwhenPseudoCTNprovisioninggetscomplete.
416078,CSFOBPM,Severity1,Development,Mobility,IntegratedSystemsTest(IST),1/30/2018,295511,CSI,1802-mSEnterpriseProvisioningOrder-MoveAdapter.mapauditlogrulesetresponserulesetfiles
416025,EDF,Severity1,Development,Mobility,IntegratedSystemsTest(IST),1/30/2018,295511,CSICPSVC,R1802_Q30B_UnifiedVoiceHosting_DeleteEnterpriseSubscriber
415882,CSI,Severity2,Environment,Mobility,IntegratedSystemsTest(IST),1/30/2018,Regression,CSI,BESTAPIsfailingonPQCE16(backupforTDP404480)
415824,"MyATT,MSe",Severity2,ProductionProblemManagement,Mobility,Production,1/30/2018,Regression,CSIAdapter,ObservingspikeinerrorLGNSFID03
415692,CSICustomerCare,Severity1,Development,N&SS,IntegratedSystemsTest(IST),1/30/2018,295667d,CSICustomerCare,R1802_CP&TS_CSTB_InquireSubscriberPromoDetails_Q30B_new_field_not_returned
415667,CSI,Severity3,Environment,Other,IntegratedSystemsTest(IST),1/30/2018,294381,CSI,AchangefortheCSIenvironment(configforEDPDBAdapter)
415504,CSBOBPM,Severity2,IST-IntegratedSystemTest,N&SS,IntegratedSystemsTest(IST),1/30/2018,294081,CSBOBPM,1802_Q30B_BOBPMCustomercare_BOBPM_SubscriberChangesAndMore-facingschemaerrorfromUpdatesubscriberProfileatUpdateCustomerInfo
415281,GRP-ET-Halo,Severity1,IST-IntegratedSystemTest,BusinessSolutions,IntegratedSystemsTest(IST),1/30/2018,294728b,CSI,Collaboarte-QA16/ST5/R1711-UpdateEnterpriseOrderStatusResponseisfailingwitherrorServiceisnotavailable.Pleasetryagainlater
415187,LS-OMS,Severity2,IST-IntegratedSystemTest,Converged,IntegratedSystemsTest(IST),1/30/2018,Regression,CSI,R1802--PROADisclosureLinknotloadedforVoluntarySuspend
414860,OPUS-C,Severity2,PST-ProductionSupportTest,U-verse,ProductionValidationTest(PVT),1/29/2018,297518a,CSI,PVT-ConsumerCare-297518a-DTVRTP-notshowingtheofferdescriptioninaddatnoextracostwindowwhiledoingnewdtvorder
414776,GRP-MHSExternalClientSupport(ECS),Severity1,UAT-UserAcceptanceTest,Mobility,UserAcceptanceTest(UAT),1/29/2018,301730,CSFOBPM,MoveMobileSubscriberfailinginCSIQ29
414759,CSFOBPM,Severity1,Development,N&SS,IntegratedSystemsTest(IST),1/29/2018,294546,CSFOBPM,1802_CP&TS-ACSFOBPM_Q30B_FirstNetNetworkConfiguration_Kafkatopicissue
414706,CSICustomerCare,Severity3,Development,N&SS,IntegratedSystemsTest(IST),1/29/2018,Regression,CSICustomerCare,1802_N&SSSM_Q30B_InquireSubscriberPromoDetails_CSI_DEV_AddingintegratedOffersIndicator>truefieldinrequestgettingservicenotavailableerrorfromCSI
414611,CSIWorkForce,Severity2,Environment,Other,IntegratedSystemsTest(IST),1/29/2018,Regression,CSIWorkForce,1802_CST-A_Q30B_AssignAvailableWorkOrder_<200>Serviceisnotavailable
414599,CSFOBPM,Severity1,Development,Mobility,EndtoEndTest(E2E),1/29/2018,294546,CSFOBPM,BNS_E2E_R1802_294546_FirstNet-IMLC-CTNstatusdoesnotreverttoEligibleafterupliftisexpired.
414473,CSICPSVC,Severity1,Development,Mobility,IntegratedSystemsTest(IST),1/29/2018,295511,CSICPSVC,"R1802_Q30b_UnifiedVoiceHosting_Create,Get,DeleteEnterpriseSubscriber_GettingCPSsystemerror"
414420,CSBOBPM,Severity1,Testing,Mobility,EndtoEndTest(E2E),1/29/2018,295512a,CSBOBPM,BNS_E2E_R1802_295512a_OrderfailedinOCEwith'UpgradeEquipment-Fail'Status
414223,OPUS-C,Severity1,UAT-UserAcceptanceTest,Mobility,UserAcceptanceTest(UAT),1/29/2018,287885b,CSI,1802_RetailOPUSUAT_287885b_UserisgettingerrorwhiletryingtoupdateNewPINcode.
414203,LSUSRPRT,Severity2,IST-IntegratedSystemTest,U-verse,IntegratedSystemsTest(IST),1/29/2018,Regression,CSI,1802>UvPDev>Configmissmatch...whileconnectingtoSPPviaCSI
414152,myAT&TSales,Severity1,IST-IntegratedSystemTest,U-verse,IntegratedSystemsTest(IST),1/29/2018,Regression,CSI,1802-NEW+NEW-OrdersgettingstuckatITPAcall-automationstuck
414143,CSICustomerCare,Severity3,Development,N&SS,IntegratedSystemsTest(IST),1/29/2018,Regression,CSICustomerCare,1802_CP&TS_CSTB_InquirePurchaseOrderInvoice_Q30A_v227_Adapterschemachange
414096,CSIOrderandSubscriptionMngt,Severity1,EndtoEndTest,Converged,EndtoEndTest(E2E),1/29/2018,292456b,CSI,R1802_MDU_FIECancelledordersfromOPUSarenotreachingOMS
414084,SalesExpress,Severity1,UAT-UserAcceptanceTest,BusinessSolutions,UserAcceptanceTest(UAT),1/29/2018,289148d,CSI,289148d-UAT-CSIerrorconnectionreset
414082,GRP-BNSE2EMobility,Severity1,EndtoEndTest,Mobility,EndtoEndTest(E2E),1/29/2018,290426f,CSI,R1802_BNS_E2E_290426f_RequesttoraiseremedyagainstCAMteam
413711,GRP-ET-Cloverleaf,Severity2,EndtoEndTest,ECP-Cloverleaf,EndtoEndTest(E2E),1/28/2018,282215,CSFOBPM,PID282215-1802-OrdersarenotreachingtoBRASSUAT.
413413,vTM,Severity2,UAT-UserAcceptanceTest,Mobility,UserAcceptanceTest(UAT),1/26/2018,294739d,CSI,1802UATBCS-294739d-InboundSalesforce-SmallAttachmentsareNotVisibleinvTM
413361,AOFLOW,Severity1,IST-IntegratedSystemTest,ECP-Cloverleaf,EndtoEndTest(E2E),1/26/2018,282215,CSFOBPM,18.02-PID-282215_NotgettingtimeouterrorresponsefromCSFOBPM
413185,CSFOBPM,Severity1,Development,Mobility,IntegratedSystemsTest(IST),1/26/2018,294546,CSFOBPM,294546FOBPMGettingerrorthatCTNUpliftextensioncannotbeprocessed
413039,CSICustomerCare,Severity1,IST-IntegratedSystemTest,U-verse,IntegratedSystemsTest(IST),1/26/2018,298822a,CSICustomerCare,R1802+Progression+PID298822a+Story266451--GettingServicePolicyMaskinvaliderrorforCSIInquireAccountProfileAPI
413010,CSI,Severity1,ProductionProblemManagement,DTV,ProductionValidationTest(PVT),1/26/2018,297518a,CSIAdapter,"PVTDTVRTPWeareunabletoaddDTVBasePackage,theselectbuttonisnotworking"
412935,AOFLOW,Severity1,IST-IntegratedSystemTest,ECP-Cloverleaf,EndtoEndTest(E2E),1/26/2018,282215,CSI,18.02-PID-282215_NotgettingResponsefromAOFLOWwebresponseURL
412885,CSI,Severity1,EndtoEndTest,DTV,EndtoEndTest(E2E),1/26/2018,Regression,CSI,1802_MPIE_R1523VIC_GettingDownstreamConnectionIssueaftervalidateOrder
412837,GRETA,Severity1,Environment,Other,IntegratedSystemsTest(IST),1/26/2018,2017S33772,CSI,InquireEthernetDetailsFailinginq25andq28Environment
412719,CSI,Severity2,Development,Other,UnitTest,1/25/2018,127102,CSI,BundleversionNOTinsyncformafNETWORK_EBM130.0.2
412704,(FED)-MIC,Severity2,Development,Other,UnitTest,1/25/2018,2017B33772,CSBOBPM,IR1086432mafCSI_MIC218.0.8BundleVersions.txtnotinsyncRel1803
412679,CSICustomerCare,Severity1,EndtoEndTest,Mobility,EndtoEndTest(E2E),1/25/2018,300238a,CSICustomerCare,1802_E2E_300238a_AllTRXarehittingQ30CSInotQ28
412661,CSICustomerCare,Severity2,Development,N&SS,IntegratedSystemsTest(IST),1/25/2018,Regression,CSICustomerCare,R1802_CP&TS_CSTB_ManagePrepaidMultilineAccounts_Q30B_not_getting_expected
412652,CSWFBPM,Severity2,Development,N&SS,IntegratedSystemsTest(IST),1/25/2018,297620,CSFOBPM,Q30B_CSWFBPM_297620_Privacytransformation_automaticretry_200error
412639,CSICustomerCare,Severity2,Development,N&SS,IntegratedSystemsTest(IST),1/25/2018,Regression,CSICustomerCare,1802_CP&TS_CSTB_Q30B_UpdatePrepaidSubscriberProfile_200_Service_Unavailabvle
412589,Premier,Severity3,Sustainment,Mobility,Production,1/25/2018,Regression,CSI,POCUpgradeEligibilityReportshowingactiveCTNsasnotvalid
412580,GRP-BNSE2EMobility,Severity1,EndtoEndTest,Mobility,EndtoEndTest(E2E),1/25/2018,300434,CSBOBPM,BNS_E2E_1802_300434_QCI9_ThrottlingSOCCONSRVCCisnotgettingaddedinTLG
412462,CSI,Severity1,EndtoEndTest,Converged,EndtoEndTest(E2E),1/25/2018,295582,CSI,R1802-DTVNOW-Nostorage-enablednodesexistforserviceDistributedCache-TLGSOCsarenotupdatedasperIRE
412436,CSI,Severity3,Environment,Other,Sanity/Shakeout,1/25/2018,288761d,CSIAdapter,GVValue(MQ)changes-Q44environment
412410,CSI,Severity3,Environment,Other,Sanity/Shakeout,1/25/2018,288761d,CSIAdapter,GVValuechanges-Q44environment
412355,CSIAdapter,Severity2,TIER2,Other,Production,1/25/2018,302209,CSIAdapter,CSImafMOBILITY_RETAILadapterAnerroroccurredwhileprocessingrequestforXI.
412340,CSICustomerCare,Severity1,Triage,Mobility,EndtoEndTest(E2E),1/25/2018,296286a,CSICustomerCare,CSIclientisgetting>MessageHeaderhasInvalidorMissingdata.errorfromQ28
412256,CSFOBPM,Severity2,Development,N&SS,IntegratedSystemsTest(IST),1/25/2018,294564b,CSFOBPM,BF_02.18_SIT_Non-Publish_FirstNetIOC2_S2Callsarepassingthroughwhensendingmorethan1000CTNsintherequest.
412088,CSI,Severity1,Environment,Mobility,Sanity/Shakeout,1/25/2018,299673,CSI,1802Q29A-MoveMobileSubscriberisfailingwithNoResponseonLocalQueue/-4a6ff98516127824bb9-7556
412066,GRP-BNSE2EMobility,Severity1,EndtoEndTest,Mobility,EndtoEndTest(E2E),1/25/2018,290426f,CSI,BNS_E2E_R1802_290426f_SessionEligibilityFailingforTestClient
412049,CSICPSVC,Severity3,IST-IntegratedSystemTest,Mobility,IntegratedSystemsTest(IST),1/25/2018,295511,CSICPSVC,R1802_UnifiedVoiceHosting_UpdateEnterpriseSubscriber_UpdateEnterpriseMobilityDetailsdoesnotsupportthestatusupdate
412034,CSICustomerCare,Severity2,Development,N&SS,IntegratedSystemsTest(IST),1/25/2018,295667d,CSICustomerCare,R1802_CP&TS_CSTB_InquireSubscriberPromoDetails_Q30B_Not_Getting_Expected_Response
412023,CSITroubleManagement,Severity3,Environment,Other,IntegratedSystemsTest(IST),1/25/2018,Regression,CSIAdapter,1802_Q30b_ANETR_200Error_ServiceUnavailable
412002,CSICPSVC,Severity2,Development,Mobility,IntegratedSystemsTest(IST),1/25/2018,295511,CSICPSVC,R1802_Q30b_UnifiedVoiceHosting_DeleteEnterpriseSubscriber
412001,CSICustomerCare,Severity2,Development,Mobility,IntegratedSystemsTest(IST),1/25/2018,Non-ITOrg,CSICustomerCare,EaslivrRequiresversionextensionfor4servicesforv112to1812release
411957,CSBOBPM,Severity1,EndtoEndTest,Converged,EndtoEndTest(E2E),1/25/2018,295582,CSBOBPM,R1802-DTVNOW-TLGSOCsarenotupdatedasperIREResponse
411834,CSBOBPM,Severity1,EndtoEndTest,Mobility,EndtoEndTest(E2E),1/25/2018,288416i,CSBOBPM,1802_E2E_R288416_GettingNostorage-enablednodesexceptionforPublishDeviceDetails
411817,CSICustomerCare,Severity1,Development,Mobility,EndtoEndTest(E2E),1/25/2018,296764,CSICustomerCare,1802_E2E_R270171_GettingerrorwhileacceptingTnC'sinGettingstartedflow(QA2)
411500,CSICustomerCare,Severity3,Development,Other,UnitTest,1/25/2018,2017B33772,CSICustomerCare,Bundleversionmismatchforcom.att.csidCustomerCareProfile_EnterpriseDeviceDeployment206.0.26release1804.
411353,CSICustomerCare,Severity2,Environment,Other,IntegratedSystemsTest(IST),1/24/2018,Regression,CSICustomerCare,R1802_CP&TS_CSTB_InquireCustomerSnapshot_Q30B_SuccessResponse_For_Invalid_DATA
411342,CSICustomerCare,Severity2,Development,Other,IntegratedSystemsTest(IST),1/24/2018,295667d,CSICustomerCare,R1802_CP&TS_CSTB_InquireSubscriberPromoDetails_Q30B_Kit_Deployment_Issue
411308,CSFOBPM,Severity1,Development,Mobility,IntegratedSystemsTest(IST),1/24/2018,294546,CSFOBPM,1802-FirstNet-IMLC-CTNstatusdoesnotreverttoEligibleafterupliftisexpired.
411295,CSI,Severity2,Environment,U-verse,AssemblyTest,1/24/2018,Regression,CSIAdapter,updateGVvaluesforBundlenameUnifiedServices_FOBPM_ProductManagement
411245,CSBOBPM,Severity1,Data,Mobility,EndtoEndTest(E2E),1/24/2018,Regression,CSBOBPM,1802_E2E_R111409_DUCSRulesnottriggeredforGoodwillSocAGW1G60DC
411231,CSIWorkForce,Severity2,IST-IntegratedSystemTest,Other,IntegratedSystemsTest(IST),1/24/2018,292672c,CSIWorkForce,CSIIssueconfiguringAdapter-Q28Serviceerroringout
411134,CSICPSVC,Severity1,Development,Mobility,EndtoEndTest(E2E),1/24/2018,294546,CSICPSVC,trackingdefectfor-411061-294546-LTEdataonlyuplifting
411103,CSICustomerCare,Severity2,Development,N&SS,IntegratedSystemsTest(IST),1/24/2018,Regression,CSICustomerCare,1802_CP&TS_CSTB_InquireCustomerSnapshot_Q30B_Version_Issue
411061,CSICPSVC,Severity1,Development,Mobility,IntegratedSystemsTest(IST),1/24/2018,294546,CSICPSVC,294546LTEdataonlyupliftingfeatureissue
411036,CSIAdapter,Severity2,Environment,N&SS,IntegratedSystemsTest(IST),1/24/2018,Regression,CSFOBPM,1802_Q30B_FOBPMOrders_FOBPM_AssociationsAndMore_RetrieveTNPortingAssociations_PleaseupdatetherequiredchangesinGV
411025,GRP-BNSE2EMobility,Severity1,EndtoEndTest,Mobility,EndtoEndTest(E2E),1/24/2018,290426f,CSI,BNS_E2E_R1802_290426f_SessionEligibilityFailingforTestClient
410825,CSI,Severity2,Environment,Other,IntegratedSystemsTest(IST),1/24/2018,291600d,CSI,R1802+CSIConfigUpdates-Q29C--UpdateGVfortibco.clientVar.ServiceAdapterConfig/ISAACWFEHTTPS
410745,"MyATT,MSe",Severity1,IST-IntegratedSystemTest,Mobility,IntegratedSystemsTest(IST),1/24/2018,Regression,CSI,R1802_RegressionGettingintermittentloginissueson1802and1803environments
410681,CSICustomerCare,Severity2,Development,N&SS,IntegratedSystemsTest(IST),1/24/2018,281112b,CSICustomerCare,1802_CP&TS_CSTB_InquirePurchaseOrderInvoice_Q30A_v227_CSICCcode_Issue
410662,"MyATT,MSe",Severity1,Data,Mobility,IntegratedSystemsTest(IST),1/24/2018,292456h,CSI,R1803_Overview_MDUOnlineSupport_RWD_facingestimatedfirstbillexperienceforalllifecycledata
410621,CSICustomerCare,Severity2,Environment,N&SS,IntegratedSystemsTest(IST),1/24/2018,Regression,CSIAdapter,1802_CP&TS_CSTB_Q30B_InquireBundledAccountProfile_Config_Change_for_Simulator
410588,OPUS-C,Severity1,IST-IntegratedSystemTest,Mobility,IntegratedSystemsTest(IST),1/24/2018,297226a,CSI,1802_OPUSCC_Getting2001300000014DownstreamConnectionIssuewhenclickingonvalidateorderfornewdtv
410546,AAP/BF,Severity2,Testing,Other,IntegratedSystemsTest(IST),1/24/2018,301020,CSI,BF_02.18_SIT_Non-Publish_MobileSecurity&CallProtectOpt-in_S2Facing500and504GatewayTimeoutintermittentissueinGetconsentforserviceidcallmgmtandsecurewifi
410478,CSI,Severity3,Development,Other,IntegratedSystemsTest(IST),1/24/2018,Regression,CSI,TNIfailingbyError014(Hostsystemunabletoprocesstransaction)forSWandWregionforW01(18.03).API-InquireAvailableTelephoneNumbers
410062,CSI(FED)-SSDF,Severity2,Development,Other,UnitTest,1/23/2018,2017B33772,CSBOBPM,IR1084928com.att.csidCustomerCareProfile_AccountProfile224.0.30BundleVersions.txtnotinsyncRel1802
410009,CSBOBPM,Severity2,Development,N&SS,IntegratedSystemsTest(IST),1/23/2018,Regression,CSBOBPM,1802_Q30B-CSBOBPM-DeleteSubscriberSOCProfile-GettingPre-IVPMessageHeadervalidationerrorfromUpdateSubscriberProfile
409932,CSBRMS,Severity3,Development,N&SS,IntegratedSystemsTest(IST),1/23/2018,Regression,CSBRMS,com.att.csbrms.processrulesmgmt.brm.brc.TreatmentRulemserrormappingissue
409882,CSICPSVC,Severity2,Development,Mobility,IntegratedSystemsTest(IST),1/23/2018,301020,CSICPSVC,ValidatePayloadtobemovedtoSyncflow
409821,CPS,Severity1,Development,Mobility,IntegratedSystemsTest(IST),1/23/2018,295511,CSICPSVC,1802_CP&TS-ACSFOBPM_Q30B_ProcessEnterpriseProvisioningOrder_FacingCPSerror
409758,CSI,Severity1,Environment,N&SS,IntegratedSystemsTest(IST),1/23/2018,301218,CSI,BF_02.18_SIT_NonPublish_CSIGRID_S2_RealTimeTextPhase2-v2GetEligibilitycall-shows500ISE
409218,CSI,Severity2,Environment,Other,IntegratedSystemsTest(IST),1/23/2018,296577c,CSI,EASESWTNReservationFailures
409163,CSICustomerCare,Severity2,Environment,N&SS,IntegratedSystemsTest(IST),1/23/2018,Regression,CSICustomerCare,"R1802_CP&TS_InquireCustomerSnapshot_Q30b_Nullnotallowed,number1_error_from_csi"
409117,GRP-EQEMobilityE2E,Severity1,EndtoEndTest,Mobility,EndtoEndTest(E2E),1/23/2018,288416i,CSI,1802_E2E_R288416_NoCTNinInquireEIDDetailsrequestcall
409108,"MyATT,MSe",Severity1,IST-IntegratedSystemTest,Mobility,IntegratedSystemsTest(IST),1/23/2018,292456h,CSI,R1803_MyServices_MDUOnlineSupport_Web_GettingErrorOnDTVPage
408952,(FED)-COMS,Severity1,Testing,Mobility,Sanity/Shakeout,1/23/2018,300434,CSI,Gettingexception'UnabletoParseResponsefromServiceEntity'in1802environment
408949,CSFOBPM,Severity1,Environment,Mobility,IntegratedSystemsTest(IST),1/23/2018,294719,CSFOBPM,1802_OPUSCC_GettingErrorwhiletryingtocallMaintainAffiliateAccountAssociation20000000006OperationTimedOutwhileunifyingexswlswithexsdtv
408569,Trinity-vAS-Broadsoft,Severity2,Development,BusinessSolutions,Production,1/23/2018,295167,CSIAdapter,"Whenwetrytodeleteauserwhichiscreatedwithebizenable,itisfailing.WearegettingunsupportederrorfromeBiz"
408436,GRP-EQEMobilityE2E,Severity1,EndtoEndTest,Mobility,EndtoEndTest(E2E),1/22/2018,300856,CSI,1802_E2E_300856_AResourceRequiredByServiceIsNotAvailablewhiletryingactivationforAcura
408429,IVRORDERING,Severity2,Requirements,DTV,Production,1/22/2018,291600a,CSFOBPM,IVRCHANGEORDERSINPREPROD(ADD/REMOVE)ARENEEDINGTOBEHANDLEDBYICSDUETOPROVISIONINGFAILURES(ChangeProgrammingPhase3)
408428,CSI(FED)-SSDF,Severity2,Development,Other,UnitTest,1/22/2018,2017B33772,CSBOBPM,IR1084162mafCSI_CSCR128.0.0VersionMismatchRel1802
408424,CSI(FED)-SSDF,Severity2,Development,Other,UnitTest,1/22/2018,2017B33772,CSBOBPM,IR1083902com.att.csidCustomerCareProfileAndBilling_SubscriberProfile228.0.2ErrorinlogRel1802
408354,(FED)-US,Severity1,Development,U-verse,ProductionValidationTest(PVT),1/22/2018,293963,CSIAdapter,PVT-WOMPh2-IUSPDFailureatBBloadAResourceRequiredbyServiceisNotAvailable
408259,GRP-EQEMobilityE2E,Severity1,EndtoEndTest,Mobility,EndtoEndTest(E2E),1/22/2018,288416i,CSI,1802_E2E_288416i_CCRRtableisnotgettingupdatedtoONstatus
408182,GRP-EQEHomeSolutionsE2E,Severity1,EndtoEndTest,U-verse,EndtoEndTest(E2E),1/22/2018,296041,CSI,R1802_FIE_OMS1AT01_R0281TRM--DVRGUIDisnotpulledandgivesanerror
408180,GRP-MHSExternalClientSupport(ECS),Severity1,UAT-UserAcceptanceTest,Mobility,UserAcceptanceTest(UAT),1/22/2018,301730,CSI,ProcessDeviceFailingforApple
408170,CSIAdapter,Severity3,Environment,N&SS,IntegratedSystemsTest(IST),1/22/2018,Regression,CSI,1802_Q30B_FOBPM_Metrocell-changeinCANOPIURL
408166,"DDA,OOBP",Severity1,IST-IntegratedSystemTest,Mobility,IntegratedSystemsTest(IST),1/22/2018,Regression,CSI,R_1802_DDAIDBflow_addprepaidpaymentapiisfailing
408138,CSI,Severity1,Environment,N&SS,IntegratedSystemsTest(IST),1/22/2018,301218,CSI,BF_02.18_SIT_NonPublish_CSIGRID_S2_RealTimeTextPhase1-v2GetEligibilitycall-shows500ISE
408075,CSFOBPM,Severity3,IST-IntegratedSystemTest,ECP-Cloverleaf,IntegratedSystemsTest(IST),1/22/2018,282215,CSFOBPM,CSFOBPMHSIAEOrdering-notreturninganasyncresponseaftergettingamissingoremptydslOrderDetails.buildingContactDetails
407920,CSICPSVC,Severity1,EndtoEndTest,Mobility,EndtoEndTest(E2E),1/22/2018,290426f,CSICPSVC,BNS_E2E_R1802_290426f_Facing500servererror
407868,CSI,Severity1,Development,N&SS,IntegratedSystemsTest(IST),1/22/2018,Regression,CSI,1802_Q30B-CSBOBPM-DeleteSubscriberSOCProfile-Getting200servicenotavailableerrorfromUSPduetoversionmis-matchissue
407767,OPSS,Severity1,IST-IntegratedSystemTest,Mobility,IntegratedSystemsTest(IST),1/22/2018,Regression,CSI,R1803--OPSS--IST4--Supersede--GettingSD026erroranduserisnotabletoproceed.
407747,BRIDGEVINE,Severity1,Development,Converged,EndtoEndTest(E2E),1/22/2018,298535a,CSI,R1802_FIE_N1529VIC_337024690_Gettingexceptionwhileconfiguring3rdpartyinLSP2store
407723,GRP-EQEMobilityE2E,Severity1,EndtoEndTest,Mobility,EndtoEndTest(E2E),1/22/2018,288416i,CSICPSVC,1802_E2E_R288416_TwinningstatusremaininPendingCreate
407678,CSICustomerCare,Severity2,Development,Other,ComponentTest,1/22/2018,299488,CSICustomerCare,"inCSICCRR_2_CSI_ISCPIntermediateGetDTVInfo_to_InquireSatelliteCustomerProfileResponse_DetailMode,customers-customers-customers-account-dealerAccountisdefinedas1..*,shouldbe0..*"
407666,CSICustomerCare,Severity2,Development,Other,ComponentTest,1/22/2018,299488,CSICustomerCare,"Amountfieldshaddecimalplacetruncatedintheresponse,e.g.SCPreturnslastPaymentAmount-282,vsISCPreturns<lastPaymentAmount>-282.11</lastPaymentAmount>"
407628,myAT&TSales,Severity2,Sustainment,U-verse,Production,1/22/2018,ProductionFix,CSIAdapter,CamundaCDEHSINTERNETCHANGE+IPTVCHANGE+VOIPNO_CHANGE=AUTOMATIONFAILED(PUSPOQUOT/COMPHASSEVERITYGREATERTHANEQUALTO4)[](ERRORPUSPOSEV)
406900,GRP-EQEMobilityE2E,Severity1,EndtoEndTest,Mobility,EndtoEndTest(E2E),1/20/2018,288416i,CSI,1802_E2E_R288416_GettiingcsiexceptioninPublishDeviceDetailscall
406749,CSIWorkForce,Severity3,Development,Other,Production,1/19/2018,298592,CSIWorkForce,"STI-v98InquireAvailableFiberServiceAppointments,InquireWirelineFiberServiceAppointmentsVersionExtensionuntil1808"
406748,CSI,Severity1,EndtoEndTest,BusinessSolutions,EndtoEndTest(E2E),1/19/2018,298931,CSI,Flexware-E2E-1710-298931-OCTUAT-unabletocreateorderinSDNOM
406743,CSICustomerCare,Severity3,Development,Other,Production,1/19/2018,298592,CSIWorkForce,STI-v98InquireCustomerAccountDetailsVersionExtensionuntil1808
406706,CSICustomerCare,Severity3,Development,Other,Production,1/19/2018,298592,CSICustomerCare,STI-v98InquireUnifiedAccountProfileVersionExtensionuntil1808
406699,CSWFBPM,Severity3,Development,N&SS,IntegratedSystemsTest(IST),1/19/2018,297620,CSBRMS,1802_CSWFBPM_297620_PrivacyTransformation_notgettingescalationemailduetothedynamicfieldsinescalationEmailtemplate
406622,GRP-EQEMobilityE2E,Severity1,EndtoEndTest,Mobility,EndtoEndTest(E2E),1/19/2018,300238a,CSI,1802_E2E_300238a_FacingsystemConfigurationerror
406459,GRP-EQEHomeSolutionsE2E,Severity1,EndtoEndTest,Other,EndtoEndTest(E2E),1/19/2018,292456b,CSI,R1802_FIE_MDU_OPUSST-eOPUSisgettingstuckafterCreditcheck
406453,BRIDGEVINE,Severity1,Development,Converged,EndtoEndTest(E2E),1/19/2018,298535a,CSI,R1802_FIE_N1529VIC_337024018_Gettingexceptionwhileprocessing3rdpartyordersonSubmitpage
406385,CSI(FED)-SSDF,Severity2,Testing,Other,UnitTest,1/19/2018,2017B33772,CSBOBPM,IR1083034com.att.csidSXPOSM_OrderDetails231.0.2BundleVersionMismatchRel1804
406373,CSIAdapter,Severity3,Environment,N&SS,IntegratedSystemsTest(IST),1/19/2018,Regression,CSIAdapter,1802-Q30BNeedtoremovethefiltersfor1802-TLG-MarketsDLS&NWS.
406318,CSICustomerCare,Severity2,Environment,N&SS,IntegratedSystemsTest(IST),1/19/2018,293608a,CSICustomerCare,1802_CP&TS_CSTB_Q30B_InquireCustomerSnapshot_ERICSSON_URL_change
406209,"MyATT,MSe",Severity2,IST-IntegratedSystemTest,Mobility,IntegratedSystemsTest(IST),1/19/2018,Regression,CSI,R1803_Regression_Profile_GettingerrormessagewhentryingtoupdatePPUaddress
406149,iCAS,Severity2,IST-IntegratedSystemTest,Mobility,IntegratedSystemsTest(IST),1/19/2018,300547,CSI,Getting500errorinresponseformCSIduringCreditCheckinQ28
405960,CSI,Severity1,Environment,Mobility,IntegratedSystemsTest(IST),1/19/2018,291679b,CSI,R_1802_DDAactivationissue_Addaccountapi
405917,"DDA,OOBP",Severity1,IST-IntegratedSystemTest,Mobility,IntegratedSystemsTest(IST),1/19/2018,Regression,CSI,R_1802_DDAactivationissue_activatesubscriberresponseapiisfailing
405882,OPUS-C,Severity1,IST-IntegratedSystemTest,Converged,IntegratedSystemsTest(IST),1/19/2018,282659,CSI,1801_MI_RCC-ST_IUSEO/IUSPDfailingafterbeginorder/creditcheckforallprovideorder
405789,CSICustomerCare,Severity2,Environment,BusinessSolutions,IntegratedSystemsTest(IST),1/19/2018,294739b,CSICustomerCare,AOTS-MInquireMobilityissueinq29
405733,CSICPSVC,Severity2,Environment,Other,UnitTest,1/19/2018,289148,CSICPSVC,Bundleversionmismatchforcom.att.csidCommonProvisioningServices-E911Address1.18.1release1802.
405682,myAT&TSales,Severity1,Development,Mobility,IntegratedSystemsTest(IST),1/19/2018,Regression,CSI,1801_tst02_DTVisnotshowingforFMOaddress
405603,CSICPSVC,Severity3,Development,Other,EndtoEndTest(E2E),1/18/2018,294546,CSICPSVC,ReturnX-ATT-MessageIdandothermissingheaderFOisexpectingintheasyncresponse
405412,CSICPSVC,Severity1,Development,Mobility,IntegratedSystemsTest(IST),1/18/2018,295511,CSICPSVC,R1802_Q30B_UnifiedVoiceHosting_Gettingpartnerprofileerror
405407,GRP-BNSE2EMobility,Severity1,EndtoEndTest,Mobility,EndtoEndTest(E2E),1/18/2018,294546,CSICPSVC,trackingrecordto-Defect404888-SwitchcontrolisgettingerrorfromCSIErrorCSI5250Uplifttransactionfailed.NoresponsefromCPSVC
405380,CSICustomerCare,Severity3,Testing,NewHorizons,IterationTest,1/18/2018,247888r,CSICustomerCare,TNSdetailschangefortargetdatabaseAPSUPPLIERDBforORACLESCMprofile-EndtoEndtest
405363,CSI,Severity1,Environment,Other,IntegratedSystemsTest(IST),1/18/2018,301218,CSI,BF_02.18_SIT_NonPublish_S6_DirectTVUniversalProfileAPI_throwing500InternalServerError
405291,CSI,Severity1,Environment,Other,IntegratedSystemsTest(IST),1/18/2018,298848,CSI,BF_02.18_SIT_Publish_Netgear_SimCardManagementAPI_S6AllAPIcallsarerespondingwith500ISE.
405246,CSI(FED)-SSDF,Severity2,Development,Other,UnitTest,1/18/2018,2017B33772,CSBOBPM,IR1082489com.att.csidCustomerCareProfile_AccountProfile228.0.10VersionMismatchRel1802
405193,CSI,Severity2,Testing,Other,IntegratedSystemsTest(IST),1/18/2018,301218,CSI,"BF_02.18_SIT_Non-Publish_CommonASROrders_S2400BRSVC0001receivedforgetASROrdercallswithproject,UnabletoconnecttoaGRMendpointregistryusingattachedURLsaftertryingallknown/possibleendpoints.PleasevalidatethattheAFT_ENVIRONMEN"
405189,CAM-C,Severity1,Testing,Mobility,IntegratedSystemsTest(IST),1/18/2018,295511,CSFOBPM,1802_CP&TS-ACSFOBPM_Q30B_ProcessEnterpriseProvisioningOrder_broadsoftissue_HybridScenarios
405174,CSI,Severity1,EndtoEndTest,Mobility,EndtoEndTest(E2E),1/18/2018,288416i,CSI,1802_E2E_288416i_UnabletotwinfrommyATT
405116,GRP-MHSExternalClientSupport(ECS),Severity1,UAT-UserAcceptanceTest,Mobility,UserAcceptanceTest(UAT),1/18/2018,301730,CSI,AddAccountfailinginCSIQ28
404985,GRP-EQEHomeSolutionsE2E,Severity1,EndtoEndTest,Converged,EndtoEndTest(E2E),1/18/2018,292456b,CSI,R1802_FIE_N1703VIA_eOPUS_GettingOperationTimedOutforIUCSPapiwhentryingattdropshipflow
404948,CSI,Severity1,Testing,BusinessSolutions,UserAcceptanceTest(UAT),1/18/2018,289148,CSI,289148-UAT-CSIaddressorservicevalidationAPIsaredown
404911,GRP-EQEMobilityE2E,Severity1,EndtoEndTest,Mobility,EndtoEndTest(E2E),1/18/2018,288416i,CSI,1802_E2E_R288416_IADcallisfailling
404888,CSICPSVC,Severity1,IST-IntegratedSystemTest,Mobility,IntegratedSystemsTest(IST),1/18/2018,294546,CSICPSVC,SwitchcontrolisgettingerrorfromCSI
404879,CSIAdapter,Severity1,Development,N&SS,IntegratedSystemsTest(IST),1/18/2018,Regression,CSIAdapter,1802_Q30B-CSBOBPM-DeleteSubscriberSOCProfile-NeedtoupdatethesolaceconnectiondetailsforGRIDGDDNqueue
404843,(FED)-CIS,Severity1,IST-IntegratedSystemTest,Other,IntegratedSystemsTest(IST),1/18/2018,284465k,CSI,RequestnewCSIQAenvironmenttoreplaceQ26c
404824,CSICustomerCare,Severity3,Environment,N&SS,IntegratedSystemsTest(IST),1/18/2018,Regression,CSICustomerCare,1802_CP&TS_CSTB_Q30B_InquireFANProfile_CCRRDB_JDBC_URL_Change
404612,OPUS-C,Severity1,EndtoEndTest,Converged,EndtoEndTest(E2E),1/18/2018,Regression,CSI,R1802_MPIE_OPUSUnifiedST_Uverseservicesarenotavailable
404472,CSICustomerCare,Severity3,Triage,Other,IntegratedSystemsTest(IST),1/18/2018,Non-ITOrg,CSICustomerCare,ConnectiontimeoutishappeningwithCSIapplication
404207,CSI,Severity2,Development,Mobility,IntegratedSystemsTest(IST),1/17/2018,295511,CSFOBPM,1802_CP&TS-ACSFOBPM_Q30B_ProcessEnterpriseProvisioningOrder_MissingInvokeRestServiceinformationinAuditDBdashboard
404197,CSICustomerCare,Severity1,Deployment,Mobility,UserAcceptanceTest(UAT),1/17/2018,299673,CSICustomerCare,UpdateMobileSubscriberisfailinginCSIQ28
404193,CSI,Severity1,Deployment,Other,IntegratedSystemsTest(IST),1/17/2018,301218,CSI,"BF_02.18_SIT_Non-Publish_IncidentTicketManagement_S2500ISEreceivedforallcalls,Noendpointswereregisteredaftertryingallrouteoffersearchpossibilitieserrorfromsplunk"
404188,GRP-MHSExternalClientSupport(ECS),Severity1,UAT-UserAcceptanceTest,Mobility,UserAcceptanceTest(UAT),1/17/2018,288416,CSI,InquireAvailableSubscriberNumbersfailinginQ25
404080,CSICPSVC,Severity3,Development,Mobility,IntegratedSystemsTest(IST),1/17/2018,295511,CSICPSVC,R1802_Q30B_UnifiedVoiceHosting_CreateEnterpriseSubscriber_Phonenumberisnotavailableforassignment+1-3053947608
404028,CSI,Severity1,Environment,Mobility,Sanity/Shakeout,1/17/2018,299509,CSI,1802CSIGWMarketFilter-Pleaseapplychangesduring1/18maintenancewindow
404022,CSI,Severity2,Development,N&SS,IntegratedSystemsTest(IST),1/17/2018,288430b,CSFOBPM,1802_CP&TS-ACSFOBPM_Q30B_ManagePartnerServices_CRM_EndpointUrlChange
404014,EDGE,Severity1,EndtoEndTest,Converged,EndtoEndTest(E2E),1/17/2018,Regression,CSI,R1802_FIE_R1520VIC_NotabletoseetheworkorderdetailsinCAP
403859,"CCR-Relational,CCR-R",Severity2,Development,Mobility,IntegratedSystemsTest(IST),1/17/2018,294546,CSICPSVC,CCRR_FirstNet_CCRRMicroserviceisnotavailable
403763,CSICustomerCare,Severity2,Development,Other,UnitTest,1/17/2018,2017B33772,CSBOBPM,IR1081545com.att.csidInquireCustomerSnapshot228.0.1ErrorinlogRel1802
403710,CSICustomerCare,Severity1,EndtoEndTest,Mobility,EndtoEndTest(E2E),1/17/2018,288416i,CSICustomerCare,1802_E2E_R288416_Twinningrelationisinpendingcreate
403689,CSIOrderandSubscriptionMngt,Severity2,Environment,N&SS,IntegratedSystemsTest(IST),1/17/2018,Regression,CSIAdapter,1802_N&SSSM_InquireSubscriptionAccountIdentifiers_Q30B_100Error_EODSDB
403629,CSICustomerCare,Severity1,IST-IntegratedSystemTest,Other,IntegratedSystemsTest(IST),1/17/2018,Regression,CSICustomerCare,1802--OPSSIST--Metrocell--GettingerrorMTCLF900whenclickonFAN
403617,"DDA,OOBP",Severity3,IST-IntegratedSystemTest,Mobility,IntegratedSystemsTest(IST),1/17/2018,Regression,CSI,R_1802_DDA_IDBissue
403556,SSDF,Severity1,Testing,Other,Sanity/Shakeout,1/17/2018,Regression,CSI,"orderisnotmovingfromProposalTabinSalesExpres,Comingerrorpop-upbysayingGCPsolutionWriteRequestAPIisfailed."
403507,OPUS-C,Severity1,Development,Converged,IntegratedSystemsTest(IST),1/17/2018,292456b,CSI,1801_MDU_292456b_NotgettingservicesonPCA
403473,"MyATT,MSe",Severity2,IST-IntegratedSystemTest,Mobility,IntegratedSystemsTest(IST),1/17/2018,Regression,CSI,R1802_Regression_My.Services_RWDNotgettingtheDiscountsectionfortheUverseInternetServicesPage.
403092,CSICustomerCare,Severity1,IST-IntegratedSystemTest,Mobility,IntegratedSystemsTest(IST),1/17/2018,290426f,CSICustomerCare,1802ADTMPOCTransactionaregettingsubmittedinsteadofcomplete.RequestidisnotgettinggeneratedinUI
403042,Premier,Severity1,IST-IntegratedSystemTest,Mobility,IntegratedSystemsTest(IST),1/16/2018,290426f,CSICustomerCare,1802CSIQ28IASisfailing
402892,CSICustomerCare,Severity3,Environment,N&SS,IntegratedSystemsTest(IST),1/16/2018,Regression,CSICustomerCare,1801_CP&TS_CSTB_InquireCustomerSnapshot_Q30A_v224_SustainmentPID22510_CodeRolledBack_Issue
402879,CSICPSVC,Severity1,Infrastructure,Mobility,IntegratedSystemsTest(IST),1/16/2018,301020,CSI,unabletosetdme2propertiesforCDF-Consentsgridaccall
402831,CSICustomerCare,Severity1,EndtoEndTest,Mobility,EndtoEndTest(E2E),1/16/2018,299509,CSICustomerCare,1802-HondaEricssonininquireSubscriberProfileisnotreturningallthedataplansunderCurrentUsage
402819,uDAS,Severity3,PVT-ProductionVolumeTest,DTV,ProductionValidationTest(PVT),1/16/2018,288757c,CSIAdapter,PVTOPUSNFFL(LSP)-DuringGenieSwap-receivedanerrorinISAACworkflow-FaultReceivedfromCSIUDAS.FaultCode900UnknownSystemErrorOccurred
402799,EDS,Severity1,Development,Mobility,EndtoEndTest(E2E),1/16/2018,288416i,CSI,1802_E2E_R288416_InquireEIDcallisfailing
402768,CSFOBPM,Severity3,Development,N&SS,IntegratedSystemsTest(IST),1/16/2018,297620,CSFOBPM,1802_Q30B_EnterprisePrivacyDataCompliance-MissingNoTaskTransform
402648,CSICPSVC,Severity2,Development,Mobility,IntegratedSystemsTest(IST),1/16/2018,289266d,CSICPSVC,tc_idisreturning0forSMARTPAsoc
402504,ATTCCTAEP,Severity2,EndtoEndTest,Other,IntegratedSystemsTest(IST),1/16/2018,291602g,CSI,18.01TestingICDDataisnotbeingpassed
402492,CSICPSVC,Severity1,Development,Mobility,IntegratedSystemsTest(IST),1/16/2018,295511,CSICPSVC,R1802_Q30B_UnifiedVoiceHosting_CreateEnterpriseSubscriber_Gettingerrorresponse.
402301,CSICPSVC,Severity1,Testing,Mobility,IntegratedSystemsTest(IST),1/16/2018,294546,CSICPSVC,SessionManagement_FirstNet_CCRServiceResponseHTTPCode500
402221,GRP-ET-Halo,Severity1,IST-IntegratedSystemTest,BusinessSolutions,IntegratedSystemsTest(IST),1/16/2018,294728b,CSI,Collaborate-OrderarestuckatvalidateorderduedateasInquireNetworkOrderProvisioningDetailsResponseishavingexceptionasCSIisthrowingerror
401782,CSI(FED)-SSDF,Severity2,Development,Other,UnitTest,1/15/2018,2017B33772,CSBOBPM,IR1080594com.att.csidOps110.0.7VersionMismatchRel1802
401523,CSBOBPM,Severity3,Development,N&SS,IntegratedSystemsTest(IST),1/15/2018,Regression,CSBOBPM,1802-Q30B-BOBPM_TreatmentsAndMoreBundleSwapEquipmentServiceNeedtoupdatetheBundletoinvokeSwapEquipmentas228version.
401499,CSICPSVC,Severity1,EndtoEndTest,Mobility,EndtoEndTest(E2E),1/15/2018,290426f,CSICPSVC,BNS_E2E_R1802_290426f_Getsessioneligibilityisfailing
401471,CSIAdapter,Severity2,Development,Other,UnitTest,1/15/2018,2017B33772,CSBOBPM,IR1080086mafVPADAPTERBundle130.0.62VersionMismatchRel1804
401455,AJSC,Severity2,Development,Other,UnitTest,1/15/2018,2017B33772,CSBOBPM,IR1080386com.att.csidBillingGateway-CustomerHierarchy1.18.24COMPONENTDOESNOTEXISTRel1802
401265,"MyATT,MSe",Severity1,Development,Mobility,IntegratedSystemsTest(IST),1/15/2018,292456h,CSI,R1803_Overview_PID292456h_MDUOnlineSupport(MC1)-_US300288_RWD_DirecTVcardismissingonoverviewPageforpre-installtenure
401227,OCE,Severity1,Development,Mobility,IntegratedSystemsTest(IST),1/15/2018,297327,CSI,1802_PID297327_MOOapiisfailingwith'Version84NotFoundinSchema'Error
401209,GRP-EQEMobilityE2E,Severity1,EndtoEndTest,Mobility,EndtoEndTest(E2E),1/15/2018,298848,CSI,1802_E2E_R269881_GettingCSItimeoutissueforSBPnewactivation
401139,GRP-MHSExternalClientSupport(ECS),Severity1,EndtoEndTest,Mobility,EndtoEndTest(E2E),1/15/2018,296286a,CSICustomerCare,1802-InquirePrepaidPriceplansreturningerrorjava.lang.ClassNotFoundExceptioncom.cingular.csi.transforms.Transform_InquirePrepaidPricePlans_v104_to_228_Request
401026,GRP-EQEMobilityE2E,Severity1,EndtoEndTest,Mobility,EndtoEndTest(E2E),1/15/2018,288416i,CSI,1802_E2E_288416i_ErrorduringtwinningofPDandSD
400972,CSICustomerCare,Severity1,IST-IntegratedSystemTest,Mobility,IntegratedSystemsTest(IST),1/15/2018,Regression,CSICustomerCare,R_1802_DDAregression_IDBcreditissue
400308,MRE,Severity2,Development,Other,UnitTest,1/12/2018,2017B33772,CSBOBPM,IR1080086mafCSI_MRE224.0.1ErrorinlogRel1804
400307,MRE,Severity2,Development,Other,UnitTest,1/12/2018,2017B33772,CSBOBPM,IR1080086mafCSI_MRE_MOBILITY126.0.2ErrorinlogRel1804
400302,(FED)-MRE,Severity2,Development,Other,UnitTest,1/12/2018,2017B33772,CSBOBPM,IR1080106com.att.csidMREDigitalLife_Offers227.0.1PIDismissinginthelogfilenameRel1802
400275,CAPM,Severity1,Testing,Mobility,Sanity/Shakeout,1/12/2018,299673,CSI,PaymentsarefailingforJLRin1802
400240,CSICPSVC,Severity2,Development,Mobility,IntegratedSystemsTest(IST),1/12/2018,288416i,CSICPSVC,DefectR1802_upgradetheTLGAPIadapterversionin1802.
400219,CSICustomerCare,Severity2,IST-IntegratedSystemTest,Other,IntegratedSystemsTest(IST),1/12/2018,Regression,CSICustomerCare,R1802BDisthrowingerrormessageinResponseforManagedBusinessServicesAPIwhenaCloudPortaluserisinquired
400179,CSIAdapter,Severity1,Development,N&SS,IntegratedSystemsTest(IST),1/12/2018,Regression,CSI,1802_Q30B-CSBOBPM-ApplyUsageTreatment-Needtoadd/updatetheGVvaluesinQ30Benv
400134,CSI,Severity2,Development,Other,UnitTest,1/12/2018,2017B33772,CSBOBPM,IR1079999com.att.csidProductAndOfferManagementEnterpriseProducts_ValueAddedReseller228.0.0PIDismissinginthelogfilenameRel1802
400122,CSICustomerCare,Severity2,Development,N&SS,IntegratedSystemsTest(IST),1/12/2018,Regression,CSICustomerCare,1802_CP&TS_CSTB_InquireFanProfile_Q30B_CSI_Mapping_Issue
400028,CSICreditandVal,Severity2,Sustainment,Mobility,Production,1/12/2018,Regression,CSICreditandVal,POBPaymenterror30004288019-NoDataFoundforgivenBANorSubscriberNumber
400006,CSICreditandVal,Severity2,Sustainment,Mobility,Production,1/12/2018,Regression,CSICreditandVal,POBPaymenterror300202556002-cardVerificationIsInvalid
399988,CSWFBPM,Severity3,Development,N&SS,IntegratedSystemsTest(IST),1/12/2018,297620,CSBRMS,1802_CSWFBPM_297620_PrivacyCompliance_BRMS_EmailID_issue
399962,CSI,Severity3,ProductionProblemManagement,Other,Production,1/12/2018,302209,CSI,Pleaseremovetibco.clientVar.restservice.usernamefromICSspm2.propertiesasitwouldimpact1801PROD.
399951,CSICPSVC,Severity2,Development,Mobility,Performance/Load,1/12/2018,289043,CSICPSVC,R1802_thewrongversionofE911wasrunninginthe1802environment
399907,CSICPSVC,Severity2,Development,Mobility,IntegratedSystemsTest(IST),1/12/2018,289266d,CSICPSVC,R1802_thewrongversionoftheCCRRCPSadapterwasinstalledin1802environment
399902,CSICPSVC,Severity1,EndtoEndTest,Mobility,EndtoEndTest(E2E),1/12/2018,290426f,CSICPSVC,BNS_E2E_R1802_290426f_CreateSessionfailingforTestClientApp
399839,CSBOBPM,Severity2,Development,N&SS,IntegratedSystemsTest(IST),1/12/2018,294081,FOM,1802_Q30B_EnterpriseSubscriptionNotification-facingerrorwhiletryingFOMforSendAccountNotification200error
399836,OPSS,Severity1,Development,Mobility,EndtoEndTest(E2E),1/12/2018,295512a,CSI,BNS_E2E_R1802_295512a_UnabletoaccepttheTnCfor1802env
399754,LS-OMS,Severity2,PPM-ProjectandPortfolioMgmt,DTV,Production,1/12/2018,Regression,CSIWorkForce,EDGEgottherequestbuttherewasnoresponseprocessedbyOMS
399753,"MyATT,MSe",Severity2,IST-IntegratedSystemTest,Mobility,AssemblyTest,1/12/2018,Regression,CSI,1802_DSSAT_unabletogetmysummarydocafterclickingon'GotoMysummary'CTAonfeatureconfirmationpage
399701,CSBOBPM,Severity2,Development,N&SS,IntegratedSystemsTest(IST),1/12/2018,Regression,CSBOBPM,1802_Q30B-CSBOBPM-ApplyUsageTreatment-GettingunknownerrorfromDUCSDBAdapterfortheversion104and209
399635,OPSS,Severity1,IST-IntegratedSystemTest,Other,IntegratedSystemsTest(IST),1/12/2018,Regression,CSI,1802--OMHUBWirelessAuthFlow--Cancellationsuccesspageiscomingdistorted(codeisgettingdisplayed)
399564,ATTCCTAEP,Severity2,Development,Other,IntegratedSystemsTest(IST),1/12/2018,291602g,CSI,"18.01Phase1IBPForE2Edata,gettingofficeclosedmessageforalluversecalls"
399422,(FED)-EDGE,Severity1,Development,Converged,EndtoEndTest(E2E),1/12/2018,293963,CSIAdapter,R1801_FIE_PID293963_N2537VIC/N2538VICScheduledJobsarenotreflectinginCAP3portal
399247,OPSS,Severity1,Development,Mobility,IntegratedSystemsTest(IST),1/12/2018,300547,CSI,1802-Sanity-MPIE-OPUS-CCnewwireless-UnabletoacceptwebT&Conitslink
398950,CSI,Severity2,Development,Other,UnitTest,1/11/2018,2017B33772,CSBOBPM,IR1079409com.att.csidOneViewAddressLocationSystem_AddressValidation219.0.25PIDismissinginthelogfilenameRel1802
398949,(FED)-MRE,Severity2,Development,Other,UnitTest,1/11/2018,2017B33772,CSBOBPM,IR1079409com.att.csidMREProvisioning_Eligibility228.0.0PIDismissinginthelogfilenameRel1802
398948,CSI,Severity2,Development,Other,UnitTest,1/11/2018,2017B33772,CSBOBPM,IR1079409com.att.csidOneATTQual_NetworkQualificationProductsAndServices224.0.31PIDismissinginthelogfilenameRel1802
398920,(FED)-uDAS,Severity2,Development,Other,UnitTest,1/11/2018,2017B33772,CSBOBPM,IR1078512com.att.csidUnifiedServices_FOBPM_ProductManagement228.0.22PIDismissinginthelogfilenameRel1802
398768,AAP/BF,Severity1,Triage,Mobility,EndtoEndTest(E2E),1/11/2018,289266d,CSICPSVC,IncorrectvalueforTCIDAcceptedwhenSMARTPaddedinTLG
398707,CSICustomerCare,Severity3,Development,Other,Production,1/11/2018,298592,CSICustomerCare,STI-v104extensiononInquireAccountProfileuntil1808
398658,CSICustomerCare,Severity1,EndtoEndTest,Mobility,EndtoEndTest(E2E),1/11/2018,Regression,CSICustomerCare,1802_E2E_R111409_SDGBonusSocnotgettingaddedafterPrepaidctnmovedtoPostpaidSDGgroup
398652,CPS,Severity1,Development,Mobility,EndtoEndTest(E2E),1/11/2018,295511,CSICPSVC,BNS_E2E_R1802_295511_CP&TS-ACSFOBPM_Q30B_ProcessEnterpriseProvisioningOrder_FacingCPSError
398648,CSFOBPM,Severity1,Development,Mobility,Production,1/11/2018,ProductionFix,CSFOBPM,SwapOnStarEquipmentnotmovingoverRatePlaninJasper
398615,GRP-BNSE2EMobility,Severity2,EndtoEndTest,Mobility,EndtoEndTest(E2E),1/11/2018,Regression,CSI,BNS_E2E_R1802_Regression_Phoenix_ErrorwhilecallingCSIAPI
398593,CSICPSVC,Severity1,Development,Mobility,IntegratedSystemsTest(IST),1/11/2018,295511,CSICPSVC,1802_CP&TS-ACSFOBPM_Q30B_ProcessEnterpriseProvisioningOrder_FacingCPSError
398591,CSFOBPM,Severity2,Environment,DTV,Production,1/11/2018,ProductionFix,CSFOBPM,KVPairsNotBeingPassedtoDTVCausingModificationFails
398582,"MyATT,MSe",Severity2,Development,Mobility,IntegratedSystemsTest(IST),1/11/2018,292456h,CSI,R1803_UsagePOD_PID_292456h_MDU_US300560_Unbilled_Web_DirecTVVideoordersarenotbeingdisplayedatFE.
398567,(FED)-SalesExpress,Severity3,Environment,BusinessSolutions,IntegratedSystemsTest(IST),1/11/2018,Regression,CSIAdapter,1801Addnew/modifyexistingGVforcsi_salesexpress_ssdf
398524,"MyATT,MSe",Severity1,Development,Mobility,IntegratedSystemsTest(IST),1/11/2018,292456h,CSI,R1803_MyServices_MDUOnlineSupport_Web_GettingErrorOnDTVPage
398498,CSWFBPM,Severity2,Development,N&SS,IntegratedSystemsTest(IST),1/11/2018,297620,CSBRMS,1802_297620_CSWFBPM_AT&TPrivacyTransformation_notgettingemailsubjectsasexpected
398480,CSBOBPM,Severity3,Development,N&SS,IntegratedSystemsTest(IST),1/11/2018,Regression,CSBOBPM,1712-Q24ADUCSExceptionreturnedfromBRMSforarmflowrulesformultiplerecipientswithnoparampriority
398460,GRP-EQEMobilityE2E,Severity1,EndtoEndTest,Mobility,EndtoEndTest(E2E),1/11/2018,298848,CSI,1802_E2E_R269881_gettingCSIerrorforCSNactivation
398416,CSICustomerCare,Severity1,EndtoEndTest,Mobility,EndtoEndTest(E2E),1/11/2018,296764,CSICustomerCare,1802_E2E_R270171_SubmitMerchantProductOrderservicefailingwhileaddingDigitallIfeinstallmentSOCin1802Env
398346,CSI,Severity1,Testing,Mobility,UserAcceptanceTest(UAT),1/11/2018,299509,CSI,InquireMobileDevicefailinginbothCSIQ25andCSIQ28
398317,GRP-BNSE2EMobility,Severity1,EndtoEndTest,Mobility,EndtoEndTest(E2E),1/11/2018,Regression,CSI,BNS_E2E_R1802_Regression_OrderfailinginOCEduetoreservesubscriberfail
398072,OPUS-C,Severity1,Development,Mobility,IntegratedSystemsTest(IST),1/11/2018,Regression,CSI,1712-OPUSCC-NewDTvActivation-NotgettingDTVServiceonalladdresses.
397802,CSI,Severity2,Testing,Other,UnitTest,1/10/2018,2017B33772,CSBOBPM,IR1078512com.att.csidUnifiedServices_FOBPM_ProductManagement228.0.22PIDismissinginthelogfilenameRel1802
397788,CSFOBPM,Severity1,EndtoEndTest,Converged,EndtoEndTest(E2E),1/10/2018,Regression,CSFOBPM,R1802_FIE_OPUS_C102_R22016_legacyDTVUnabletoprocessDirectOrder-RetrieveProducthasfailedwhileconfiguredLegacyDTV
397663,CSWFBPM,Severity3,Environment,N&SS,IntegratedSystemsTest(IST),1/10/2018,Regression,CSWFBPM,1712-Q24AGenericIssuesImpactingallRulesinDUCSforCR-1711-0971DEONRulesandsomanyotherworkbooksrulesaswell.
397651,CSICreditandVal,Severity2,Development,Mobility,Production,1/10/2018,Regression,CSICreditandVal,POBPaymenterror300204001002-CreditCardaddressIsInvalid
397640,CSBOBPM,Severity1,Development,N&SS,IntegratedSystemsTest(IST),1/10/2018,Regression,CSBOBPM,1802_Q30B-CSBOBPM-ApplyUsageTreatment-GettingschemaerrorfromApplyTreatmentAsynccalls
397624,CSICPSVC,Severity2,Development,Other,UnitTest,1/10/2018,293876,CSICPSVC,BF_02.18_DVT_S5_ADTM_R3_CR176046Invaliddatatypeindurationandvolumeparameterreturns500ISE
397612,AAP/BF,Severity2,Testing,Other,UnitTest,1/10/2018,293876,CSICPSVC,BF_02.18_DVT_S5_ADTM_R3_CR176046Getsessionreturns404NotFoundor500ISE
397569,AcmeIPNRC,Severity2,Environment,N&SS,IntegratedSystemsTest(IST),1/10/2018,Regression,CSI,1802_CSTA_FOBPM_MobileDevices_ReserveANDBindESim_CannotgetaresponsefromBroker_from_ACME
397513,GRP-EQEMobilityE2E,Severity1,EndtoEndTest,Mobility,EndtoEndTest(E2E),1/10/2018,288416i,CSIAdapter,1802_E2E_288416i_incorrectCCRRCPSAdapterversion
397493,CSFOBPM,Severity2,Development,N&SS,IntegratedSystemsTest(IST),1/10/2018,294546,CSFOBPM,1802_CP&TS-ACSFOBPM_Q30B_FirstNetNetworkConfigurations_CSFOBPMSystemError
397424,CSI,Severity2,Testing,Mobility,IntegratedSystemsTest(IST),1/10/2018,288416i,CSI,CpsGetTwinningRelationsByCtnfailinginQA
397394,CSICustomerCare,Severity2,Environment,N&SS,IntegratedSystemsTest(IST),1/10/2018,Regression,CSICustomerCare,1801_CP&TS_CSTB_Q30A_InquireCustomerSnapshot_ERICSSON
397240,"MyATT,MSe",Severity1,Testing,Mobility,AssemblyTest,1/10/2018,300238a,CSIAdapter,1802_AT_Wireless_GettingerrorwhilelandingonManageNumberSyncpage
397230,CSWFBPM,Severity2,Development,N&SS,IntegratedSystemsTest(IST),1/10/2018,297620,CSWFBPM,1802_CSWFBPM_297620_Privacytransformation_200errorscenario_GFR_flowwenttofalloutresponsesenderinsteadofPrivacyworkflow
397203,CSINetworkManagement,Severity1,EndtoEndTest,U-verse,EndtoEndTest(E2E),1/10/2018,298535a,CSI,R1802_FIE_OMS1AT01_FO-DetermineTNTypefailedwithnestedexceptionforallCVOIP
397034,CPS,Severity1,Development,Mobility,EndtoEndTest(E2E),1/10/2018,295511,CSICPSVC,BNS_E2E_R1802_295511_CP&TS-ACSFOBPM_Q30B_ProcessEnterpriseProvisioningOrder_FacingBroadsoftError
396978,NotAnApplication,Severity1,IST-IntegratedSystemTest,Mobility,IntegratedSystemsTest(IST),1/10/2018,288416i,CSI,"WhenRSPcallsActivityinfo,theresourcedoesnotappeartobeupandrunning"
396960,CSICustomerCare,Severity1,Development,Mobility,UnitTest,1/10/2018,298592,CSICustomerCare,STI-Q281802SBASOAPFAULTRESPONSEisreturnedinWirelessOQflowinUAT
396959,CSBOBPM,Severity1,EndtoEndTest,Mobility,EndtoEndTest(E2E),1/10/2018,298848,CSBOBPM,1802_E2E_R269881_Notgettingducsnotifications
396499,CSIAdapter,Severity1,UAT-UserAcceptanceTest,Mobility,UserAcceptanceTest(UAT),1/9/2018,298849,CSFOBPM,InquireMobileProductQuotefailinginCSIq28
396484,uDAS,Severity1,EndtoEndTest,Other,EndtoEndTest(E2E),1/9/2018,300769,CSI,Q25BerrorInvokeJavafailureetc/producer.properties(Nosuchfileordirectory)
396466,CSFOBPM,Severity1,EndtoEndTest,Mobility,EndtoEndTest(E2E),1/9/2018,296764,CSFOBPM,1802_E2E_R270171_InquirestaticCollateralServiceisfailingfornewactivationfromDLOSFQA2
396431,CSI,Severity2,Development,N&SS,IntegratedSystemsTest(IST),1/9/2018,294564b,CSFOBPM,1802_CP&TS-ACSFOBPM_Q30B&Q28_FirstNetNetworkConfigurations_NeedtoChangeConfig
396380,CSICustomerCare,Severity1,IST-IntegratedSystemTest,Mobility,IntegratedSystemsTest(IST),1/9/2018,301730,CSICustomerCare,1802_metrocell_phoenixisuue
396335,CSICPSVC,Severity1,Development,Mobility,IntegratedSystemsTest(IST),1/9/2018,295511,CSICPSVC,1802_CP&TS-ACSFOBPM_Q30B_ProcessEnterpriseProvisioningOrder_FacingBroadsoftError
396332,(FED)-EMABS,Severity1,Development,Other,Sanity/Shakeout,1/9/2018,2017B33772,CSI,MOCKErrorcreatingticketsformultipleservicesinBC
396301,CSINetworkManagement,Severity1,EndtoEndTest,Mobility,EndtoEndTest(E2E),1/9/2018,299509,CSI,ReserveSubscriberNumberisfailingin1802environment.
396249,CSIProductandOfferMgt,Severity3,Development,Other,ComponentTest,1/9/2018,299488,CSICustomerCare,microServiceSatelliteNonVideoisnotrunninginTestenvironments
396050,GRP-EQEMobilityE2E,Severity1,Testing,Mobility,EndtoEndTest(E2E),1/9/2018,Regression,CSBOBPM,1802_E2E_R111409_Pleaseupdatethedupcheckintervalvalueto32inQ28AandQ28B
396017,Premier,Severity3,IST-IntegratedSystemTest,Mobility,IntegratedSystemsTest(IST),1/9/2018,Regression,CSI,1801Regression/C2S/InquireAvailableItemQuantityServiceAPIisnotavailable
395987,CSICustomerCare,Severity1,IST-IntegratedSystemTest,Mobility,IntegratedSystemsTest(IST),1/9/2018,301037,CSICustomerCare,1802_inquireLastSuccessfulPayment
395920,ATTeBiz,Severity1,Testing,Other,Sanity/Shakeout,1/9/2018,2017B33772,CSI,MOCKErrorcreatingticketsformultipleservicesinBC
395864,CSFOBPM,Severity1,EndtoEndTest,Mobility,EndtoEndTest(E2E),1/9/2018,288416i,CSFOBPM,1802_E2E_R288416_GettingservicenotavailableerrorforInitiateEIDProfileDetails
395749,CSFOBPM,Severity1,IST-IntegratedSystemTest,Mobility,IntegratedSystemsTest(IST),1/9/2018,288416i,CSFOBPM,"WhenRSPcallsActivityinfo,theresourcedoesnotappeartobeupandrunning"
395571,"MyATT,MSe",Severity1,Development,Mobility,IntegratedSystemsTest(IST),1/9/2018,Regression,CSI,R1803_Regression_Stub_Overview_NotgettingUversecardsonOverviewpage
395131,CSWFBPM,Severity2,Requirements,Mobility,IntegratedSystemsTest(IST),1/8/2018,295511,CSWFBPM,1802_CSWFBPM_MobilizationofAT&TColloborate_FOBPM_Enumvalues_CPS
395101,CSFOBPM,Severity1,IST-IntegratedSystemTest,Mobility,IntegratedSystemsTest(IST),1/8/2018,288416i,CSFOBPM,GUS1802-RSPsystemisgettinga500errorbackwhenpostingtoActivityinfo
395068,CSWFBPM,Severity2,Development,Mobility,IntegratedSystemsTest(IST),1/8/2018,295511,CSWFBPM,1802_CSWFBPM_MobilizationofAT&TColloborate_FOBPM_CPS_Namespace
395066,SalesExpress,Severity1,Testing,Other,Sanity/Shakeout,1/8/2018,295960a,CSI,295060a_MS_Collaborate_NS_DuringcontractgeneratiogettingerrortosendGCP.
394980,CSBOBPM,Severity2,Development,N&SS,IntegratedSystemsTest(IST),1/8/2018,294081,CSBOBPM,1802_Q30B-CSBOBPM-ProcessProductNotification-GettingincorrectvariablenameinSNrequestfortheactionR
394970,CSICustomerCare,Severity2,Development,N&SS,IntegratedSystemsTest(IST),1/8/2018,Regression,CSICustomerCare,1802_CP&TS_CSTB_InquirePaymentPlanHistory_Q30B_AES_URL_Change
394959,Jackcache,Severity1,Infrastructure,Mobility,EndtoEndTest(E2E),1/8/2018,288416i,CSI,1802_E2E_288416i_TwinningissuebetweenPDandSD
394899,NotAnApplication,Severity1,EndtoEndTest,Mobility,EndtoEndTest(E2E),1/8/2018,295582,CSI,UUCLPFailingforevergentinQ25
394873,CSIWorkForce,Severity2,Environment,Other,IntegratedSystemsTest(IST),1/8/2018,Regression,CSIWorkForce,CST-A_1802_Q30B_SendManagerialNotification_200_Serviceisnotavailable
394770,CSBOBPM,Severity1,Testing,Mobility,Sanity/Shakeout,1/8/2018,295535,CSBOBPM,1802UpdateMobileSubscriberStatusRequestaccountnotgettingcancel
394704,CSBOBPM,Severity2,EndtoEndTest,Mobility,EndtoEndTest(E2E),1/8/2018,299509,CSBOBPM,1802-ApplyUsageTreatmenttransactionsarenotupdatinginDB
394614,CSBRMS,Severity1,Testing,ECP-Cloverleaf,EndtoEndTest(E2E),1/8/2018,282497d,CSBRMS,282497D1802ETEBilling_Manual_Hierarchy68_Relink40A_BRMSRelinkingisnotthrowingexpectederrormessagewhenrelinkingInodewithMultipleSAtoBAnodewithICBindicator
394600,CSIAdapter,Severity1,Triage,Mobility,EndtoEndTest(E2E),1/8/2018,295511,CSIAdapter,BNS_E2E_R1802_295511_InquireCompanyDetailsgettingtimeout
394588,CSICustomerCare,Severity3,Environment,N&SS,IntegratedSystemsTest(IST),1/8/2018,Regression,CSICustomerCare,1802_CP&TS_CSTB_Q30b_InquireSatelliteCustomerProfile_DTV_password
394507,CSFOBPM,Severity1,IST-IntegratedSystemTest,Other,IntegratedSystemsTest(IST),1/8/2018,295511,CSFOBPM,eBiz/1802/Q28GettingServiceNotAvailableonCreateOrganizationandAdmin
394332,CSICreditandVal,Severity1,IST-IntegratedSystemTest,Mobility,IntegratedSystemsTest(IST),1/8/2018,300547,CSICreditandVal,Getting500errorinresponseformCSIduringCreditCheckinQ28
394250,CSIAdapter,Severity1,EndtoEndTest,U-verse,EndtoEndTest(E2E),1/8/2018,296041,CSIAdapter,R1802_FIE_SMOKE_OMS2AT01_GettingerrorwhileselectingNativeTNonNegotiateTNspage.
394249,CSI,Severity1,Environment,Converged,IntegratedSystemsTest(IST),1/8/2018,288757e,CSI,1802_288757e_GettingIUSPDfailedforDTVAmendFlow
393632,FirstNetIMP,Severity3,Development,Mobility,IntegratedSystemsTest(IST),1/5/2018,294546,CSFOBPM,1802-FirstNet-IMLCErrorResponsenotmatchedwithCSFOBPMAID
393597,CSFOBPM,Severity1,EndtoEndTest,BusinessSolutions,EndtoEndTest(E2E),1/5/2018,295511,CSFOBPM,ETE-295511-1802-SD-Prog-HLTC01-DTC03-AutoregistrationisfailinginWCA
393571,GRP-EQEMobilityE2E,Severity1,EndtoEndTest,Mobility,EndtoEndTest(E2E),1/5/2018,288416i,CSI,1802_E2E_288416i_ConfigurationissuewithCCRRCPSAdapterversion
393557,CSFOBPM,Severity1,EndtoEndTest,Converged,EndtoEndTest(E2E),1/5/2018,Regression,CSFOBPM,R1802_FIE_OPUS_C102_R22016_legacyDTVUnabletoprocessDirectOrder-RetrieveProducthasfailedwhileconfiguredLegacyDTV
393503,CSIAdapter,Severity2,Environment,Other,UserAcceptanceTest(UAT),1/5/2018,281112b,CSIAdapter,PleaseupdatetheGVvaluesforOracleFusionAdapter
393448,GRP-EQEMobilityE2E,Severity1,EndtoEndTest,Mobility,EndtoEndTest(E2E),1/5/2018,288416i,CSI,1802_E2E_R288416_ICCIDstatusnotupdatingfromLinkedtoRelease
393439,CSI,Severity3,Development,Other,UserAcceptanceTest(UAT),1/5/2018,PID-TBD,CSI,TESTIssue
393410,CSICustomerCare,Severity2,Development,N&SS,IntegratedSystemsTest(IST),1/5/2018,Regression,CSICustomerCare,1802_CP&TS_CSI_Q30B_ISP_Mapping_Error
393277,CSICustomerCare,Severity1,UAT-UserAcceptanceTest,Mobility,UserAcceptanceTest(UAT),1/5/2018,299509,CSICustomerCare,1802_InquireAccountProfile_NotreturningUpgradeeligibilityresultsinresponse
393264,CSICPSVC,Severity2,Development,Mobility,IntegratedSystemsTest(IST),1/5/2018,295511,CSICPSVC,R1802_Q30b_UnifiedVoiceHosting_CreateEnterpriseGroup_Allowingtoduplicatethegroup
393261,(FED)-COMS,Severity1,Environment,Other,UnitTest,1/5/2018,297395,CSI,1802CSICOMS-Spm2propertiesConfigChanges
393187,EDP,Severity1,Development,Mobility,EndtoEndTest(E2E),1/5/2018,296764,CSI,1802_E2E_R270171_InquirestaticCollateralServiceisfailingfornewactivationfromDLOSFQA2
393112,"MyATT,MSe",Severity1,Development,Mobility,AssemblyTest,1/5/2018,Regression,CSI,1802_AT_RegressionNotgettingUverseusagedetails
392657,CSI,Severity1,Development,Mobility,IntegratedSystemsTest(IST),1/4/2018,295511,CSICPSVC,1802_CP&TS-ACSFOBPM_Q30B_ProcessEnterpriseProvisioningOrder_FacingserviceExceptionerror
392650,CSBOBPM,Severity2,Development,N&SS,IntegratedSystemsTest(IST),1/4/2018,294081,CSBOBPM,1802_Q30B-CSBOBPM-ProcessProductNotification-NotgettingthecompletelogandthetransactionisnothittingtomS
392642,GRP-MHSExternalClientSupport(ECS),Severity1,UAT-UserAcceptanceTest,Mobility,UserAcceptanceTest(UAT),1/4/2018,295535a,CSI,1802_MoveMobileSubscriber_AccountIdnotfoundinJasperAccountTypeRules_CA2USscenario
392609,FOM,Severity3,Development,N&SS,IntegratedSystemsTest(IST),1/4/2018,294081,FOM,1802_Q30B_BOBPMCustomercare_BOBPM_SubscriberChangesAndMore-getting10retryforFOMscenarioofbringingdownEnterpriseSubscriptionNotification
392551,GRP-MHSExternalClientSupport(ECS),Severity1,UAT-UserAcceptanceTest,Mobility,UserAcceptanceTest(UAT),1/4/2018,299509,CSI,InquireSubscriberTransactionDatafailingforBestBuy
392521,CSBOBPM,Severity2,Development,Other,Sanity/Shakeout,1/4/2018,Regression,CSBOBPM,PotentialIVPissuefor1801.BundleBRMSCustomerCare_BRMS_DeviceManagement.Developerverificationrequired.
392513,CSFOBPM,Severity1,Development,Mobility,EndtoEndTest(E2E),1/4/2018,295511,CSFOBPM,BNS_E2E_R1802_295511_ForHybridScenariotwoenterpriseIDaregettingcreatedwherewirelinecollaboratewasprovisionedfirstandthenmobilitycollaborate
392245,CSWFBPM,Severity1,Environment,N&SS,IntegratedSystemsTest(IST),1/4/2018,297620,CSWFBPM,1802_CSWFBPM_297620_EnvisUnstableandfacingaccessdeniedissueunderFW
392197,CSIWorkForce,Severity2,Environment,DTV,IntegratedSystemsTest(IST),1/4/2018,296041,CSIWorkForce,1802CSTCSIAdapterQ29CreateFiberServiceRepairWorkOrderTestHistorylogicexecuteDateUTCnotmappingcorrectlytoexecutionDateTime
392149,CSFOBPM,Severity1,Development,BusinessSolutions,EndtoEndTest(E2E),1/4/2018,2017B33772,CSFOBPM,Q29cUAT2-IPFLEXBVOIPeOrdering-ProcessEnterpriseOrderEventRequestFailing
392122,CSFOBPM,Severity1,Development,Mobility,IntegratedSystemsTest(IST),1/4/2018,295511,CSFOBPM,1802_CP&TS-ACSFOBPM_Q30B_ProcessEnterpriseProvisioningOrder_FacingOfferingcodeAlreadyExistError
392082,CSFOBPM,Severity1,EndtoEndTest,Mobility,EndtoEndTest(E2E),1/4/2018,295511,CSFOBPM,BNS_E2E_R1802_295511_HybridscenariotoaddMBCSEATIsfailingwith-Jackcacheerror
392041,CSFOBPM,Severity2,Development,N&SS,IntegratedSystemsTest(IST),1/4/2018,297620,CSIAdapter,1802_CSTA_EnterprisePrivacyDataCompliance_PleaseUpdatetheDrivingLicencefortheDeleteScenerio
391922,CSI,Severity2,ProductionProblemManagement,DTV,Production,1/4/2018,Regression,CSI,Twilight-DMDR-DTVerror-50000000140Actionisnotallowed-NoOrdersAvailable
391913,tGuard,Severity1,Testing,Mobility,IntegratedSystemsTest(IST),1/4/2018,295511a,CSI,SMSPINshouldbesentbyTGUARDFORSIL
391810,CSICustomerCare,Severity1,IST-IntegratedSystemTest,Mobility,IntegratedSystemsTest(IST),1/4/2018,MaintenanceWorkRequest,CSICustomerCare,"GettingerrorCSIWrapperexception,servicenotavailablewhenwerunstartAESLookupCustomersinQC2quickpayenv"
391777,CSIWorkForce,Severity1,EndtoEndTest,Converged,EndtoEndTest(E2E),1/4/2018,Regression,CSIWorkForce,1802-MPIE-GettingNegotiateDuedateisnotavailable
391611,GRP-MHSExternalClientSupport(ECS),Severity1,Testing,Mobility,Sanity/Shakeout,1/4/2018,300585,CSI,InquireSubscriberContractDetailsfailingin1802SAN
391512,CSICustomerCare,Severity1,Testing,Mobility,Sanity/Shakeout,1/3/2018,295535a,CSICustomerCare,IMUDfailinginCSIQ28
391477,CSI,Severity1,Deployment,Other,UnitTest,1/3/2018,297395,CSI,1802CSICOMS-Spm2.properties->ConfigChanges
391327,NotAnApplication,Severity1,IST-IntegratedSystemTest,Mobility,IntegratedSystemsTest(IST),1/3/2018,295582,CSI,UUCLPFailingforevergentinQ25